date,rf_shares,l_shares,rjf_shares,hban_shares,apo_shares,fitb_shares,brk_b_shares,trow_shares,trv_shares,ndaq_shares,wrb_shares,cinf_shares,ben_shares,ice_shares,schw_shares,gpn_shares,key_shares,afl_shares,acgl_shares,cpay_shares,ms_shares,blk_shares,eg_shares,mco_shares,ma_shares,fisv_shares,ajg_shares,ntrs_shares,pnc_shares,kkr_shares,bx_shares,fds_shares,usb_shares,msci_shares,bk_shares,hig_shares,wfc_shares,ibkr_shares,bro_shares,syf_shares,tfc_shares,mrsh_shares,bac_shares,met_shares,ivz_shares,wtw_shares,cfg_shares,pgr_shares,aig_shares,pru_shares,amp_shares,hood_shares,v_shares,axp_shares,stt_shares,pfg_shares,erie_shares,c_shares,gl_shares,cb_shares,gs_shares,cboe_shares,ares_shares,xyz_shares,all_shares,jkhy_shares,aiz_shares,pypl_shares,fis_shares,aon_shares,coin_shares,cof_shares,cme_shares,mtb_shares,jpm_shares,spgi_shares
2025-03-31,6737228,1309464,1366861,10774726,3313021,4964786,13585263,1650167,1680406,3067046,2225381,1159142,2297476,4258565,12630319,1835376,7382923,3668483,2778370,516650,9171279,1079053,,1147361,6036248,,1885126,1452488,2934646,5003254,5424871,281858,11562280,575470,5319223,2131542,24376379,,1758964,2881227,9753340,,49076252,4290903,3320375,739663,3239857,4341900,4397495,2623830,712984,,12773068,4113498,2138010,1559621,184820,13912495,622131,2762024,2312827,775891,,,1964036,540256,380187,7331975,3925965,1602947,,2825337,2670767,1229773,20723998,2334741
2025-04-01,6737228,1309464,1366861,10774726,3313021,4964786,13585263,1650167,1680406,3067046,2225381,1159142,2297476,4258565,12630319,1835376,7382923,3668483,2778370,516650,9171279,1079053,,1147361,6036248,,1885126,1452488,2934646,5003254,5424871,281858,11562280,575470,5319223,2131542,24376379,,1758964,2881227,9753340,,49076252,4290903,3320375,739663,3239857,4341900,4397495,2623830,712984,,12773068,4113498,2138010,1559621,184820,13912495,622131,2762024,2312827,775891,,,1964036,540256,380187,7331975,3925965,1602947,,2825337,2670767,1229773,20723998,2334741
2025-04-03,6764732,1314837,1372447,10818875,3326510,4985055,13640797,1656776,1687357,3079754,2234478,1163918,2306957,4275920,12681987,1842724,7413028,3683550,2789884,518825,9208590,1083445,,1151966,6060811,,1892987,1458458,2946557,5023765,5447002,283052,11609529,577958,5340999,2140355,24475962,,1766199,2893096,9793139,,49276854,4308402,3334035,742819,3253133,4359639,4415647,2634476,715898,,12825333,4130356,2146823,1566046,185659,13969465,624761,2773267,2322208,779018,,,1972181,542502,381665,7361938,3941984,1609414,,2836893,2681826,1234762,20808658,2344193
2025-04-07,6679395,1298212,1355097,10682150,3284548,4922030,13468347,1635851,1665982,3040854,2206253,1149218,2277832,4221845,12521687,1819424,7319466,3637075,2754634,512250,9092378,1069745,,1137441,5984186,,1869062,1440008,2909282,4960290,5378127,279502,11462854,570658,5273399,2113330,24166650,,1743924,2856571,9669489,,48654130,4253977,3291935,733419,3212033,4304464,4359847,2601126,706848,,12663108,4078106,2119698,1546221,183284,13792815,616811,2738292,2292783,769143,,,1947256,535652,376815,7268863,3892109,1589039,,2800993,2647951,1219137,20545608,2314493
2025-04-16,6634870,1289581,1346055,10611047,3262628,4889287,13378894,1625028,1654885,3020578,2191594,1141546,2262625,4193760,12438203,1807368,7270694,3612826,2736276,508825,9031824,1062621,,1129906,5944319,,1856595,1430418,2889965,4927273,5342370,277584,11386545,566822,5238327,2099219,24005812,,1732279,2837528,9605099,,48330262,4225618,3270015,728487,3190661,4275831,4330803,2583864,702190,,12578853,4050980,2105587,1535946,182051,13701025,612701,2720071,2277576,764074,,,1934241,532090,374349,7220502,3866216,1578490,,2782361,2630278,1211054,20408882,2299149
2025-04-22,6532170,1269673,1325199,10447043,3212068,4813763,13171914,1599748,1629289,2973810,2157782,1123850,2227549,4128980,12245759,1779560,7158198,3556894,2693932,500925,8892152,1046189,,1112526,5852363,,1827839,1408298,2845409,4851117,5259894,273160,11210533,557974,5157431,2066671,23634833,,1705419,2793604,9456579,,47582922,4160206,3219455,717111,3141365,4209787,4263811,2544048,691446,,12384513,3988412,2073039,1512246,179207,13489305,603221,2678043,2242500,752382,,,1904221,523874,368661,7108954,3806492,1554158,,2739385,2589514,1192410,20093198,2263757
2025-04-23,6540295,1271248,1326849,10460018,3216068,4819738,13188289,1601748,1631314,2977510,2160457,1125250,2230324,4134105,12260984,1781760,7167098,3561319,2697282,501550,8903202,1047489,,1113901,5859638,,1830114,1410048,2848934,4857142,5266419,273510,11224458,558674,5163831,2069246,23664208,,1707544,2797079,9468329,,47642047,4165381,3223455,718011,3145265,4215012,4269111,2547198,692296,,12399888,3993362,2075614,1514121,179432,13506055,603971,2681368,2245275,753307,,,1906596,524524,369111,7117779,3811217,1556083,,2742785,2592739,1193885,20118173,2266557
2025-04-25,6540295,1271248,1326849,10460018,3216068,4819738,13188289,1601748,1631314,2977510,2160457,1125250,2230324,4134105,12260984,1781760,7167098,3561319,2697282,501550,8903202,1047489,,1113901,5859638,,1830114,1410048,2848934,4857142,5266419,273510,11224458,558674,5163831,2069246,23664208,,1707544,2797079,9468329,,47642047,4165381,3223455,718011,3145265,4215012,4269111,2547198,692296,,12399888,3993362,2075614,1514121,179432,13506055,603971,2681368,2245275,753307,,,1906596,524524,369111,7117779,3811217,1556083,,2742785,2592739,1193885,20118173,2266557
2025-04-28,6573770,1277737,1333647,10513475,3232548,4844355,13255754,1609988,1639657,2992754,2171478,1131018,2241757,4155220,12323711,1790824,7203766,3579550,2711084,504125,8948728,1052845,,1119566,5889611,,1839487,1417258,2863457,4881965,5293302,274952,11281829,561558,5190199,2079855,23785233,,1716299,2811396,9516739,,47885642,4186702,3239935,721719,3161333,4236539,4290947,2560176,695798,,12463233,4013756,2086223,1521846,180359,13575065,607061,2695067,2256708,757118,,,1916381,527202,370965,7154138,3830684,1564014,,2756793,2606026,1199962,20221070,2278093
2025-05-13,6508445,1265074,1320381,10409156,3200388,4796316,13124099,1593908,1623376,2963006,2149971,1119762,2219446,4114015,12201302,1773136,7132210,3543973,2684150,499100,8859886,1042393,,1108511,5831120,,1821196,1403188,2835116,4833524,5240841,272138,11169872,555930,5138743,2059152,23549058,,1699214,2783457,9422269,,47410277,4145095,3207775,714483,3129977,4194530,4248335,2534850,688964,,12339567,3973958,2065520,1506771,178550,13440344,601031,2668334,2234397,749681,,,1897286,521976,367347,7083185,3792695,1548537,,2729457,2580097,1188103,20020271,2255380
2025-05-14,6508445,1265074,1320381,10409156,3200388,4796316,13124099,1593908,1623376,2963006,2149971,1119762,2219446,4114015,12201302,1773136,7132210,3543973,2684150,499100,8859886,1042393,,1108511,5831120,,1821196,1403188,2835116,4833524,5240841,272138,11169872,555930,5138743,2059152,23549058,,1699214,2783457,9422269,,47410277,4145095,3207775,714483,3129977,4194530,4248335,2534850,688964,,12339567,3973958,2065520,1506771,178550,13440344,601031,2668334,2234397,749681,,,1897286,521976,367347,7083185,3792695,1548537,,2729457,2580097,1188103,20020271,2255380
2025-05-16,6476920,1258963,1313979,10358837,3184868,4773133,13060564,1586148,1615519,2948650,2139592,1114330,2208679,4094130,12142229,1764624,7097678,3526804,2671152,496675,8817012,1037349,,1103176,5802893,,1812369,1396398,2821463,4810147,5215614,270780,11115867,553214,5113935,2049161,23435107,,1690969,2769974,9376679,,47180986,4125016,3192255,710991,3114845,4174257,4227771,2522652,685666,,12279815,3954752,2055529,1499496,177677,13375257,598121,2655433,2223654,746092,,,1888071,519454,365601,7048968,3774362,1541068,,2716265,2567584,1182380,19923382,2244419
2025-05-19,6508445,1265074,1320381,10409156,3200388,4796316,13124099,1593908,1623376,2963006,2149971,1119762,2219446,4114015,12201302,1773136,7132210,3543973,2684150,499100,8859886,1042393,,1108511,5831120,,1821196,1403188,2835116,4833524,5240841,272138,11169872,555930,5138743,2059152,23549058,,1699214,2783457,9422269,,47410277,4145095,3207775,714483,3129977,4194530,4248335,2534850,688964,,12339567,3973958,2065520,1506771,178550,13440344,601031,2668334,2234397,749681,,,1897286,521976,367347,7083185,3792695,1548537,,2729457,2580097,1188103,20020271,2255380
2025-05-20,6508445,1265074,1320381,10409156,3200388,4796316,13124099,1593908,1623376,2963006,2149971,1119762,2219446,4114015,12201302,1773136,7132210,3543973,2684150,499100,8859886,1042393,,1108511,5831120,,1821196,1403188,2835116,4833524,5240841,272138,11169872,555930,5138743,2059152,23549058,,1699214,2783457,9422269,,47410277,4145095,3207775,714483,3129977,4194530,4248335,2534850,688964,,12339567,3973958,2065520,1506771,178550,13440344,601031,2668334,2234397,749681,,,1897286,521976,367347,7083185,3792695,1548537,,2729457,2580097,1188103,20020271,2255380
2025-05-21,6334971,1231170,1285364,10131661,3115119,4668315,12774207,1551579,1580239,2884033,2092415,1089818,2160369,4004286,11876406,1725656,6941988,3449468,2612589,485800,8623783,1014577,,1078871,5675814,,1772779,1365628,2759216,4704511,5100954,265237,10871977,541006,5001630,2004339,22921370,,1654045,2709256,9171142,,46146740,4034861,3122206,695706,3046540,4082669,4134954,2466966,670492,,12010487,3867985,2010507,1466471,173778,13082131,584991,2597181,2174633,729585,,,1846837,507968,357503,6894307,3691594,1507121,1464475,4439554,2511376,1156331,19486970,2195287
2025-07-07,6215952,1203561,1255755,10073551,3121777,4615484,12679914,1523366,1566862,2858339,2072501,1080944,2143877,3966506,11810018,1686497,6820529,3364595,2580923,487450,8541961,1007073,,1069761,5608681,,1770882,1345105,2735372,4680625,5045362,262192,10773421,535015,4946965,1964452,22501971,,1937455,2632059,9055063,,45310716,3899082,3094716,685536,2998575,4053664,3985259,2447914,658524,,11831136,3827191,1971848,1426083,172560,12914989,570648,2576810,2121645,724011,,,1831049,503516,350567,6724918,3633035,1493267,1461725,4422713,2491748,1109947,19216819,2170663
2025-07-08,6215952,1203561,1255755,10073551,3121777,4615484,12679914,1523366,1566862,2858339,2072501,1080944,2143877,3966506,11810018,1686497,6820529,3364595,2580923,487450,8541961,1007073,,1069761,5608681,,1770882,1345105,2735372,4680625,5045362,262192,10773421,535015,4946965,1964452,22501971,,1937455,2632059,9055063,,45310716,3899082,3094716,685536,2998575,4053664,3985259,2447914,658524,,11831136,3827191,1971848,1426083,172560,12914989,570648,2576810,2121645,724011,,,1831049,503516,350567,6724918,3633035,1493267,1461725,4422713,2491748,1109947,19216819,2170663
2025-07-09,6181392,1196865,1248735,10017607,3104389,4589888,12609498,1514942,1558114,2842463,2060945,1074896,2131997,3944474,11744462,1677101,6782621,3345911,2566559,484750,8494549,1001457,,1063821,5577577,,1761054,1337653,2720144,4654597,5017282,260788,10713589,531991,4919533,1953544,22377015,,1926655,2617479,9004735,,45058968,3877374,3077544,681756,2981943,4031092,3963119,2434306,654852,,11765364,3805915,1960940,1418199,171588,12843277,567516,2562446,2109873,720015,,,1820897,500708,348623,6687550,3612839,1484951,1453625,4398197,2477924,1103791,19110115,2158567
2025-07-10,6214992,1203375,1255560,10071997,3121294,4614773,12677958,1523132,1566619,2857898,2072180,1080776,2143547,3965894,11808197,1686236,6819476,3364076,2580524,487375,8540644,1006917,,1069596,5607817,,1770609,1344898,2734949,4679902,5044582,262153,10771759,534931,4946203,1964149,22498500,,1937155,2631654,9053665,,45303723,3898479,3094239,685431,2998113,4053037,3984644,2447536,658422,,11829309,3826600,1971545,1425864,172533,12912997,570561,2576411,2121318,723900,,,1830767,503438,350513,6723880,3632474,1493036,1461500,4422032,2491364,1109776,19213855,2170327
2025-07-11,6225552,1205421,1257705,10089091,3126607,4622594,12699474,1525706,1569292,2862749,2075711,1082624,2147177,3972626,11828261,1689107,6831059,3369785,2584913,488200,8555131,1008633,,1071411,5617354,,1773612,1347175,2739602,4687855,5053162,262582,10790041,535855,4954585,1967482,22536714,,1940455,2636109,9069043,,45380646,3905112,3099486,686586,3003195,4059934,3991409,2451694,659544,,11849406,3833101,1974878,1428273,172830,12934909,571518,2580800,2124915,725121,,,1833869,504296,351107,6735298,3638645,1495577,1463975,4429556,2495588,1111657,19246492,2174023
2025-07-14,6218512,1204057,1256275,10077695,3123065,4617380,12685130,1523990,1567510,2859515,2073357,1081392,2144757,3968138,11814885,1687193,6823337,3365979,2581987,487650,8545473,1007489,,1070201,5610996,,1771610,1345657,2736500,4682553,5047442,262296,10777853,535239,4948997,1965260,22511238,,1938255,2633139,9058791,,45329364,3900690,3095988,685816,2999807,4055336,3986899,2448922,658796,,11836008,3828767,1972656,1426667,172632,12920301,570880,2577874,2122517,724307,,,1831801,503724,350711,6727686,3634531,1493883,1462325,4424540,2492772,1110403,19224734,2171559
2025-07-15,6218832,1204119,1256340,10078213,3123226,4617617,12685782,1524068,1567591,2859662,2073464,1081448,2144867,3968342,11815493,1687280,6823688,3366152,2582120,487675,8545912,1007541,,1070256,5611285,,1771701,1345726,2736641,4682794,5047702,262309,10778407,535267,4949251,1965361,22512396,,1938355,2633274,9059257,,45331695,3900891,3096147,685851,2999961,4055545,3987104,2449048,658830,,11836617,3828964,1972757,1426740,172641,12920965,570909,2578007,2122626,724344,,,1831895,503750,350729,6728032,3634718,1493960,1462400,4424768,2492900,1110460,19225723,2171671
2025-07-16,6206352,1201701,1253805,10058011,3116947,4608374,12660354,1521026,1564432,2853929,2069291,1079264,2140577,3960386,11791781,1683887,6809999,3359405,2576933,486700,8528791,1005513,,1068111,5600014,,1768152,1343035,2731142,4673395,5037562,261802,10756801,534175,4939345,1961422,22467273,,1934455,2628009,9041083,,45240786,3893052,3089946,684486,2993955,4047394,3979109,2444134,657504,,11812866,3821281,1968818,1423893,172290,12895069,569778,2572820,2118375,722901,,,1828229,502736,350027,6714538,3627425,1490957,1459475,4415876,2487908,1108237,19187152,2167303
2025-07-17,6273872,1214783,1267520,10167309,3150918,4658381,12797926,1537484,1581523,2884946,2091868,1091080,2163787,4003430,11920069,1702244,6884060,3395908,2604996,491975,8621420,1016485,,1079716,5660993,,1787353,1357594,2760893,4724246,5092422,264545,10873695,540083,4993150,1982733,22711611,,1955555,2656494,9139409,,45732627,3935463,3123495,691871,3026449,4091493,4022364,2470720,664678,,11941365,3862848,1990129,1439296,174189,13035173,575897,2600883,2141374,730708,,,1848063,508222,353825,6787544,3666882,1507204,1475300,4463984,2514916,1120264,19395831,2190935
2025-07-18,6268432,1213729,1266415,10158503,3148181,4654352,12786842,1536158,1580146,2882447,2090049,1090128,2161917,3999962,11909733,1700765,6878093,3392967,2602735,491550,8613957,1015601,,1078781,5656080,,1785806,1356421,2758496,4720149,5088002,264324,10864277,539607,4988815,1981016,22691925,,1953855,2654199,9131487,,45693000,3932046,3120792,691276,3023831,4087940,4018879,2468578,664100,,11931012,3859499,1988412,1438055,174036,13023885,575404,2598622,2139521,730079,,,1846465,507780,353519,6781662,3663703,1505895,1474025,4460108,2512740,1119295,19379018,2189031
2025-07-21,6256272,1211373,1263945,10138819,3142063,4645346,12762066,1533194,1577068,2876861,2085983,1088000,2157737,3992210,11886629,1697459,6864755,3386393,2597681,490600,8597275,1013625,,1076691,5645098,,1782348,1353799,2753138,4710991,5078122,263830,10843225,538543,4979163,1977178,22647921,,1950055,2649069,9113779,,45604422,3924408,3114750,689946,3017979,4079998,4011089,2463790,662808,,11907870,3852013,1984574,1435281,173694,12998653,574302,2593568,2135379,728673,,,1842893,506792,352835,6768514,3656597,1502969,1471175,4451444,2507876,1117129,19341436,2184775
2025-07-22,6273552,1214721,1267455,10166791,3150757,4658144,12797274,1537406,1581442,2884799,2091761,1091024,2163677,4003226,11919461,1702157,6883709,3395735,2604863,491950,8620981,1016433,,1079661,5660704,,1787262,1357525,2760752,4724005,5092162,264532,10873141,540055,4992879,1982632,22710453,,1955455,2656359,9138943,,45730296,3935262,3123336,691836,3026295,4091284,4022159,2470594,664644,,11940756,3862651,1990028,1439223,174180,13034509,575868,2600750,2141265,730671,,,1847969,508196,353807,6787198,3666695,1507127,1475225,4463756,2514788,1120207,19394842,2190823
2025-07-23,6253072,1210683,1263070,10133709,3140568,4643131,12755626,1532484,1576073,2875396,2084718,1087280,2156787,3990230,11880669,1696494,6861110,3384658,2596246,490325,8592970,1012985,,1076166,5642343,,1781403,1353244,2751643,4708496,5075522,263895,10837795,538183,4976633,1976283,22636411,,1949555,2647844,9109309,,45581377,3922513,3113245,689721,3016449,4077843,4009014,2462420,662378,,11901815,3849998,1983679,1434746,173539,12992073,574147,2592433,2134424,728358,,3854500,1842063,506522,352725,6765044,3654732,1502154,1470550,4449284,2506616,1116514,19331681,2183535
2025-07-24,6289006,1217689,1270302,10191904,3158648,4669799,12828850,1541298,1585113,2891894,2096696,1093495,2169217,4013169,11948921,1706212,6900547,3404094,2611162,493150,8642351,1018748,,1082381,5674774,,1791686,1361041,2767463,4735503,5104676,265364,10900058,541234,5005222,1987583,22766474,,1960742,2663099,9161628,,45843198,3945000,3131099,693676,3033738,4101234,4032066,2476545,666220,,11970180,3872146,1995092,1442995,174556,13066653,577424,2607349,2146741,732539,,3886748,1852685,509460,354759,6803916,3675750,1510742,1479025,4474822,2520967,1122955,19442760,2196078
2025-07-25,6323668,1224447,1277278,10248039,3176088,4695523,12899482,1549800,1593833,2907808,2108250,1099490,2181207,4035296,12014757,1715586,6938588,3422842,2625550,495875,8689984,1024307,,1088376,5706057,,1801605,1368562,2782723,4761554,5132798,266781,10960117,544177,5032799,1998483,22891933,,1971533,2677814,9212095,,46095751,3966691,3148321,697491,3050415,4123797,4054302,2490170,669926,,12036125,3893510,2006101,1450952,175537,13138593,580585,2621737,2158622,736572,,3908112,1862931,512294,356721,6841412,3696024,1519026,1487200,4499456,2534810,1129168,19549907,2208177
2025-07-28,6346246,1228849,1281822,10284604,3187448,4712279,12945483,1555338,1599513,2918174,2115776,1103395,2189017,4049709,12057641,1721692,6963367,3435054,2634922,497650,8721011,1027999,,1092281,5726434,,1808066,1373461,2792663,4778523,5151116,267704,10999238,546094,5050762,2005583,22973654,,1978562,2687399,9244968,,46260258,3980820,3159539,699976,3061278,4138494,4068786,2499045,672340,,12079080,3907426,2013272,1456135,176176,13185446,582644,2631109,2166361,739199,,3922028,1869605,514140,357999,6865836,3709230,1524422,1492525,4515502,2543827,1133215,19619700,2216058
2025-07-29,6360238,1231577,1284638,10307264,3194488,4722663,12974039,1558770,1603033,2924598,2120440,1105815,2193857,4058641,12084217,1725476,6978723,3442622,2640730,498750,8740239,1030287,,1094701,5739062,,1812070,1376497,2798823,4789039,5162468,268276,11023482,547282,5061894,2009983,23024298,,1982918,2693339,9265340,,46362206,3989576,3166491,701516,3068010,4147602,4077762,2504545,673836,,12105700,3916050,2017716,1459347,176572,13214530,583920,2636917,2171157,740827,,3930652,1873741,515284,358791,6880972,3717414,1527766,1495825,4525446,2549415,1135723,19662952,2220942
2025-07-30,6408574,1241001,1294366,10385544,3218808,4758535,13072687,1570626,1615193,2946790,2136552,1114175,2210577,4089497,12176025,1738548,7031771,3468766,2660794,502550,8806663,1038191,,1103061,5782686,,1825902,1386985,2820103,4825367,5201684,270252,11107234,551386,5100350,2025183,23199250,,1997966,2713859,9335716,,46714390,4019824,3190507,706836,3091266,4179066,4108770,2523545,679004,,12197660,3945842,2033068,1470443,177940,13315002,588328,2656981,2187725,746451,,3960444,1888029,519236,361527,6933260,3745686,1539318,1507225,4559798,2568719,1144387,19812368,2237814
2025-07-31,6409210,1241125,1294494,10386574,3219128,4759007,13073985,1570782,1615353,2947082,2136764,1114285,2210797,4089903,12177233,1738720,7032469,3469110,2661058,502600,8807537,1038295,,1103171,5783260,,1826084,1387123,2820383,4825845,5202200,270278,11108336,551440,5100856,2025383,23201552,,1998164,2714129,9336642,,46719024,4020222,3190823,706906,3091572,4179480,4109178,2523795,679072,,12198870,3946234,2033270,1470589,177958,13316324,588386,2657245,2187943,746525,,3960836,1888217,519288,361563,6933948,3746058,1539470,1507375,4560250,2568973,1144501,19814334,2238036
2025-08-01,6361510,1231825,1284894,10309324,3195128,4723607,12976635,1559082,1603353,2925182,2120864,1106035,2194297,4059453,12086633,1725820,6980119,3443310,2641258,498850,8741987,1030495,,1094921,5740210,,1812434,1376773,2799383,4789995,5163500,268328,11025686,547390,5062906,2010383,23028902,,1983314,2693879,9267192,,46371324,3990372,3167123,701656,3068622,4148430,4078578,2505045,673972,,12108120,3916834,2018120,1459639,176608,13217174,584036,2637445,2171593,740975,,3931286,1874117,515388,358863,6882348,3718158,1528070,1496125,4526350,2549923,1135951,19666884,2221386
2025-08-04,6334162,1226493,1279390,10265034,3181368,4703311,12920821,1552374,1596473,2912626,2111748,1101305,2184837,4041995,12034689,1718424,6950105,3428518,2629906,496700,8704405,1026023,,1090191,5715528,,1804608,1370839,2787343,4769441,5141312,267210,10978300,545068,5041148,2001783,22929916,,1974800,2682269,9227374,,46171976,3973258,3153535,698646,3055464,4130628,4061034,2494295,671048,,12056090,3899978,2009434,1453361,175834,13160328,581542,2626093,2162219,737793,,3914344,1866033,513152,357315,6852764,3702162,1521534,1489675,4506914,2539001,1131049,19582346,2211840
2025-08-05,6325258,1224757,1277598,10250614,3176888,4696703,12902649,1550190,1594233,2908538,2108780,1099765,2181757,4036311,12017777,1716016,6940333,3423702,2626210,496000,8692169,1024567,,1088651,5707492,,1802060,1368907,2783423,4762721,5134088,266846,10962872,544312,5034064,1998955,22897688,,1972028,2678489,9214410,,46107044,3967658,3149111,697666,3051180,4124832,4055322,2490795,670096,,12039150,3894490,2006606,1451317,175582,13141820,580730,2622397,2159167,736757,,3908828,1863401,512424,356811,6843132,3696954,1519406,1487575,4500586,2535417,1129453,19554822,2208732
2025-08-06,6331300,1225935,1278814,10260399,3179928,4701187,12914980,1551672,1595753,2911312,2110794,1100810,2183847,4040168,12029253,1717650,6946964,3426970,2628718,496475,8700472,1025555,,1089696,5712945,,1803789,1370218,2786083,4767281,5138990,267093,10973341,544825,5038871,2000874,22919557,,1973909,2681054,9223207,,46151105,3971458,3152113,698331,3054087,4128765,4059198,2493170,670742,,12050645,3898214,2008525,1452704,175753,13154379,581281,2624905,2161238,737460,,3912571,1865187,512918,357153,6849668,3700488,1520850,1489000,4504880,2537849,1130536,19573499,2210841
2025-08-07,6338296,1227299,1280222,10271729,3183448,4706379,12929258,1553388,1597513,2914524,2113126,1102020,2186267,4044634,12042541,1719542,6954642,3430754,2631622,497025,8710086,1026699,,1090906,5719259,,1805791,1371736,2789163,4772561,5144666,267379,10985463,545419,5044437,2003096,22944879,,1976087,2684024,9233393,,46202123,3975858,3155589,699101,3057453,4133319,4063686,2495920,671490,,12063955,3902526,2010747,1454310,175951,13168921,581919,2627809,2163636,738274,,3916905,1867255,513490,357549,6857236,3704580,1522522,1490650,4509852,2540665,1131790,19595125,2213283
2025-08-08,6306496,1221099,1273822,10220229,3167448,4682779,12864358,1545588,1589513,2899924,2102526,1096520,2175267,4024334,11982141,1710942,6919742,3413554,2618422,494525,8666386,1021499,,1085406,5690559,,1796691,1364836,2775163,4748561,5118866,266079,10930363,542719,5019137,1992996,22829779,,1966187,2670524,9187093,,45970223,3955858,3139789,695601,3042153,4112619,4043286,2483420,668090,,12003455,3882926,2000647,1447010,175051,13102821,579019,2614609,2152736,734574,,3897205,1857855,510890,355749,6822836,3685980,1514922,1483150,4487252,2527865,1126090,19496825,2202183
2025-08-11,6314446,1222649,1275422,10233129,3171448,4688679,12880583,1547538,1591513,2903574,2105176,1097895,2178017,4029409,11997266,1713092,6928467,3417854,2621722,495150,8677311,1022799,,1086781,5697734,,1798966,1366561,2778663,4754561,5125316,266404,10944138,543394,5025462,1995521,22858579,,1968662,2673899,9198693,,46028198,3960858,3143739,696476,3045978,4117819,4048386,2486545,668940,,12018605,3887826,2003172,1448835,175276,13119346,579744,2617909,2155461,735499,,3902130,1860205,511540,356199,6831436,3690630,1516822,1485025,4492902,2531065,1127515,19521425,2204958
2025-08-12,6314446,1222649,1275422,10233129,3171448,4688679,12880583,1547538,1591513,2903574,2105176,1097895,2178017,4029409,11997266,1713092,6928467,3417854,2621722,495150,8677311,1022799,,1086781,5697734,,1798966,1366561,2778663,4754561,5125316,266404,10944138,543394,5025462,1995521,22858579,,1968662,2673899,9198693,,46028198,3960858,3143739,696476,3045978,4117819,4048386,2486545,668940,,12018605,3887826,2003172,1448835,175276,13119346,579744,2617909,2155461,735499,,3902130,1860205,511540,356199,6831436,3690630,1516822,1485025,4492902,2531065,1127515,19521425,2204958
2025-08-13,6374866,1234429,1287582,10331169,3201848,4733519,13003893,1562358,1606713,2931314,2125316,1108345,2198917,4067979,12112216,1729432,6994777,3450534,2646802,499900,8760341,1032679,,1097231,5752264,,1816256,1379671,2805263,4800161,5174336,268874,11049018,548524,5073532,2014711,23077459,,1987472,2699549,9286853,,46468998,3998858,3173759,703126,3075238,4157339,4087146,2510295,675400,,12133745,3925066,2022362,1462705,176986,13244936,585254,2642989,2176171,742529,,3939560,1878065,516480,359619,6896796,3725970,1531262,1499275,4535842,2555385,1138345,19708385,2226048
2025-08-14,6339250,1227485,1280414,10273377,3183928,4707087,12931205,1553622,1597753,2914962,2113444,1102185,2186597,4045243,12044456,1719800,6955689,3431270,2632018,497100,8711397,1026855,,1091071,5720120,,1806064,1371943,2789583,4773281,5145440,267418,10987194,545500,5045196,2003399,22948435,,1976384,2684429,9234885,,46209158,3976458,3156063,699206,3057990,4134043,4064298,2496295,671592,,12065873,3903114,2011050,1454529,175978,13170904,582006,2628205,2163963,738385,,3917496,1867537,513568,357603,6858268,3705138,1522750,1490875,4510530,2541049,1131961,19598177,2213616
2025-08-15,6340264,1227611,1280686,10275045,3184308,4707915,12933582,1553916,1597993,2915520,2113782,1102400,2186827,4045862,12046321,1720078,6956866,3431926,2632454,497225,8712898,1027151,,1091186,5721071,,1806307,1372080,2790003,4774201,5146274,267667,10988890,545671,5046065,2003772,22952131,,1976811,2684784,9236357,,46217118,3977158,3156697,699361,3058532,4134727,4064890,2496820,671574,,12067711,3903622,2011423,1454758,175935,13173357,582223,2628541,2164220,738586,,3918477,1867799,513566,357617,6859380,3705716,1523098,1491050,4511328,2541593,1132122,19601209,2214019
2025-08-18,6292564,1218311,1271086,10197645,3160308,4672515,12836232,1542216,1585993,2893620,2097882,1094150,2170327,4015412,11955571,1707178,6904516,3406126,2612654,493475,8647348,1019351,,1082936,5678021,,1792657,1361730,2769003,4738201,5107574,265717,10906090,541621,5008115,1988622,22779331,,1961961,2664534,9166757,,45869118,3947158,3132997,694111,3035432,4103527,4034290,2478070,666474,,11976811,3874222,1996273,1443808,174585,13074207,577873,2608741,2147870,733036,,3888927,1853699,509666,354917,6807780,3677816,1511698,1479800,4477428,2522393,1123572,19453609,2197369
2025-08-19,6240094,1208081,1260526,10112505,3133908,4633575,12729147,1529346,1572793,2869530,2080392,1085075,2152177,3981917,11855746,1692988,6846931,3377746,2590874,489350,8575243,1010771,,1073861,5630666,,1777642,1350345,2745903,4698601,5065004,263572,10815010,537166,4966370,1971957,22589251,,1945626,2642259,9090197,,45486318,3914158,3106927,688336,3010022,4069207,4000630,2457445,660864,,11876821,3841882,1979608,1431763,173100,12965142,573088,2586961,2129885,726931,,3856422,1838189,505376,351947,6751020,3647126,1499158,1467425,4440138,2501273,1114167,19291249,2179054
2025-08-20,6214018,1202997,1255278,10070193,3120788,4614223,12675929,1522950,1566233,2857558,2071700,1080565,2143157,3965271,11806136,1685936,6818313,3363642,2580050,487300,8539409,1006507,,1069351,5607132,,1770180,1344687,2734423,4678921,5043848,262506,10769746,534952,4945624,1963675,22494787,,1937508,2631189,9052149,,45296078,3897758,3093971,685466,2997394,4052151,3983902,2447195,658076,,11827129,3825810,1971326,1425777,172362,12910940,570710,2576137,2120947,723897,,3840268,1830481,503244,350471,6722812,3631874,1492926,1461275,4421606,2490777,1109493,19210561,2169952
2025-08-21,6266170,1213165,1265774,10154817,3147028,4652927,12782365,1535742,1579353,2881502,2089084,1089585,2161197,3998563,11905356,1700040,6875549,3391850,2601698,491400,8611077,1015035,,1078371,5654200,,1785104,1356003,2757383,4718281,5086160,264638,10860274,539380,4987116,1980239,22683715,,1953744,2653329,9128245,,45676558,3930558,3119883,691206,3022650,4086263,4017358,2467695,663652,,11926513,3857954,1987890,1437749,173838,13019344,575466,2597785,2138823,729965,,3872576,1845897,507508,353423,6779228,3662378,1505390,1473575,4458670,2511769,1118841,19371937,2188156
2025-08-22,6327862,1225193,1278190,10254921,3178068,4698711,12908271,1550874,1594873,2909826,2109648,1100255,2182537,4037945,12022726,1716724,6943255,3425218,2627306,496250,8695855,1025123,,1089041,5709878,,1802758,1369389,2784543,4764841,5136212,267160,10967362,544618,5036198,1999833,22907203,,1972950,2679519,9218261,,46126638,3969358,3150535,697996,3052526,4126615,4056934,2491945,670248,,12044077,3895978,2007484,1451911,175584,13147578,581092,2623393,2159969,737143,,3910794,1864133,512552,356915,6845964,3698462,1520134,1488125,4502514,2536601,1129899,19562833,2209690
2025-08-25,6307510,1221225,1274094,10221897,3167828,4683607,12866735,1545882,1589753,2900482,2102864,1096735,2175497,4024953,11984006,1711220,6920919,3414210,2618858,494650,8667887,1021795,,1085521,5691510,,1796934,1364973,2775583,4749481,5119700,266328,10932034,542890,5020006,1993369,22833475,,1966614,2670879,9188565,,45978158,3956558,3140423,695756,3042670,4113303,4043878,2483945,668072,,12005293,3883434,2001020,1447239,175008,13105274,579236,2614945,2152993,734775,,3898186,1858117,510888,355763,6823948,3686558,1515270,1483325,4488050,2528409,1126251,19499857,2202586
2025-08-26,6307510,1221225,1274094,10221897,3167828,4683607,12866735,1545882,1589753,2900482,2102864,1096735,2175497,4024953,11984006,1711220,6920919,3414210,2618858,494650,8667887,1021795,,1085521,5691510,,1796934,1364973,2775583,4749481,5119700,266328,10932034,542890,5020006,1993369,22833475,,1966614,2670879,9188565,,45978158,3956558,3140423,695756,3042670,4113303,4043878,2483945,668072,,12005293,3883434,2001020,1447239,175008,13105274,579236,2614945,2152993,734775,,3898186,1858117,510888,355763,6823948,3686558,1515270,1483325,4488050,2528409,1126251,19499857,2202586
2025-08-27,6331042,1225813,1278830,10260081,3179668,4701071,12914761,1551654,1595673,2911286,2110708,1100805,2183637,4039975,12028776,1717584,6946745,3426938,2628626,496500,8700225,1025643,,1089591,5712748,,1803668,1370079,2785943,4767241,5138792,267290,10972882,544888,5038728,2000843,22918723,,1973940,2680869,9222901,,46149838,3971358,3152115,698346,3054066,4128695,4058974,2493195,670588,,12050137,3897938,2008494,1452641,175674,13154188,581382,2624713,2161059,737513,,3912764,1865073,512812,357095,6849404,3700322,1520894,1488875,4504774,2537881,1130469,19572673,2210800
2025-08-28,6421351,1243210,1297058,10406659,3225061,4768243,13099155,1573910,1618433,2952878,2140920,1116465,2214830,4097604,12200782,1742056,7045866,3475882,2666190,503600,8824422,1040220,,1105351,5794245,,1829373,1389767,2825823,4835394,5212081,270966,11129832,552592,5110557,2029468,23246019,3093358,2002088,2719162,9354675,,46809062,4028131,3197031,708266,3097847,4187784,4116855,2528795,680356,,12222395,3953603,2037246,1473437,178242,13342006,589590,2662050,2191900,748037,,3968781,1891634,520264,362231,6947165,3753067,1542446,1510275,4569126,2574210,1146733,19852360,2242372
2025-08-29,6421351,1243210,1297058,10406659,3225061,4768243,13099155,1573910,1618433,2952878,2140920,1116465,2214830,4097604,12200782,1742056,7045866,3475882,2666190,503600,8824422,1040220,,1105351,5794245,,1829373,1389767,2825823,4835394,5212081,270966,11129832,552592,5110557,2029468,23246019,3093358,2002088,2719162,9354675,,46809062,4028131,3197031,708266,3097847,4187784,4116855,2528795,680356,,12222395,3953603,2037246,1473437,178242,13342006,589590,2662050,2191900,748037,,3968781,1891634,520264,362231,6947165,3753067,1542446,1510275,4569126,2574210,1146733,19852360,2242372
2025-09-02,6408354,1240709,1294434,10385585,3218565,4758567,13072628,1570712,1615153,2946892,2136574,1114210,2210361,4089322,12176059,1738530,7031598,3468830,2660778,502575,8806546,1038129,,1103096,5782519,,1825683,1386938,2820083,4825595,5201544,270433,11107282,551485,5100225,2025368,23198951,3087044,1998029,2713668,9335733,,46714270,4019972,3190553,706831,3091574,4179297,4108532,2523670,678962,,12197631,3945608,2033105,1470444,177873,13314987,588401,2656702,2187472,746520,,3960745,1887821,519198,361493,6933102,3745482,1539330,1507200,4559860,2569003,1144396,19812139,2237821
2025-09-03,6428642,1244613,1298530,10418481,3228805,4773671,13114036,1575704,1620273,2956236,2143358,1117730,2217337,4102250,12214651,1744034,7053870,3479838,2669226,504175,8834450,1041393,,1106616,5800823,,1831443,1391354,2829043,4840891,5218056,271265,11142482,553213,5116417,2031768,23272487,3096900,2004365,2722244,9365301,,46862302,4032708,3200665,709071,3101366,4192545,4121524,2531670,681138,,12236287,3958088,2039569,1475116,178449,13357163,590257,2665150,2194384,748888,,3973289,1893773,520862,362645,6955054,3757322,1544194,1512000,4574324,2577131,1148044,19874923,2244925
2025-09-04,6472705,1253092,1307426,10489927,3251045,4806475,13203969,1586546,1631393,2976530,2158092,1125375,2232488,4130328,12298468,1755988,7102242,3503746,2687574,507650,8895054,1048482,,1114261,5840577,,1843953,1400945,2848503,4874112,5253918,273072,11218932,556966,5151584,2045668,23432198,3118306,2018126,2740870,9429519,,47183809,4060369,3222627,713936,3122633,4221318,4149741,2549045,685864,,12320243,3985193,2053608,1485263,179700,13448764,594288,2683498,2209396,754031,,4000533,1906700,524476,365147,7002731,3783037,1554758,1522425,4605738,2594784,1155967,20011282,2260354
2025-09-05,6408354,1240709,1294434,10385585,3218565,4758567,13072628,1570712,1615153,2946892,2136574,1114210,2210361,4089322,12176059,1738530,7031598,3468830,2660778,502575,8806546,1038129,,1103096,5782519,,1825683,1386938,2820083,4825595,5201544,270433,11107282,551485,5100225,2025368,23198951,3087044,1998029,2713668,9335733,,46714270,4019972,3190553,706831,3091574,4179297,4108532,2523670,678962,,12197631,3945608,2033105,1470444,177873,13314987,588401,2656702,2187472,746520,,3960745,1887821,519198,361493,6933102,3745482,1539330,1507200,4559860,2569003,1144396,19812139,2237821
2025-09-08,6348758,1229241,1282402,10288953,3188485,4714199,12950992,1556048,1600113,2919444,2116646,1103870,2189869,4051158,12062695,1722362,6966174,3436494,2635962,497875,8724578,1028541,,1092756,5728751,,1808763,1373966,2793763,4780663,5153040,267989,11003882,546409,5052661,2006568,22982939,3058092,1979417,2688476,9248877,,46279238,3982560,3160849,700251,3062810,4140381,4070368,2500170,672570,,12084079,3908948,2014117,1456720,176181,13191095,582949,2631886,2167168,739564,,3923897,1870149,514310,358109,6868618,3710514,1525042,1493100,4517372,2545127,1133680,19627711,2216953
2025-09-09,6348758,1229241,1282402,10288953,3188485,4714199,12950992,1556048,1600113,2919444,2116646,1103870,2189869,4051158,12062695,1722362,6966174,3436494,2635962,497875,8724578,1028541,,1092756,5728751,,1808763,1373966,2793763,4780663,5153040,267989,11003882,546409,5052661,2006568,22982939,3058092,1979417,2688476,9248877,,46279238,3982560,3160849,700251,3062810,4140381,4070368,2500170,672570,,12084079,3908948,2014117,1456720,176181,13191095,582949,2631886,2167168,739564,,3923897,1870149,514310,358109,6868618,3710514,1525042,1493100,4517372,2545127,1133680,19627711,2216953
2025-09-10,6357634,1230949,1284194,10303345,3192965,4720807,12969108,1558232,1602353,2923532,2119614,1105410,2192921,4056842,12079579,1724770,6975918,3441310,2639658,498575,8736786,1029969,,1094296,5736759,,1811283,1375898,2797683,4787355,5160264,268353,11019282,547165,5059745,2009368,23015111,3062404,1982189,2692228,9261813,,46344030,3988132,3165273,701231,3067094,4146177,4076052,2503670,673522,,12100991,3914408,2016945,1458764,176433,13209547,583761,2635582,2170192,740600,,3929385,1872781,515038,358613,6878222,3715722,1527170,1495200,4523700,2548683,1135276,19655179,2220061
2025-09-11,6443224,1247419,1301474,10442125,3236165,4784527,13144068,1579292,1623953,2962952,2148234,1120260,2222351,4111652,12242389,1747990,7069878,3487750,2675298,505325,8854506,1043739,,1109146,5813979,,1835583,1394528,2835483,4851885,5229924,271863,11167782,554455,5128055,2036368,23325341,3103984,2008919,2728408,9386553,,46968810,4041862,3207933,710681,3108404,4202067,4131132,2537420,682702,,12264071,3967058,2044215,1478474,178863,13387747,591591,2671222,2199352,750590,,3982305,1898161,522058,363473,6970832,3765942,1547690,1515450,4584720,2582973,1150666,19920049,2250031
2025-09-12,6479045,1254312,1308706,10500207,3254245,4811195,13217292,1588106,1632993,2979450,2160212,1126475,2234668,4134591,12310528,1757708,7109202,3507186,2690214,508150,8903774,1049502,,1115361,5846297,,1845753,1402325,2851303,4878892,5259078,273332,11229932,557506,5156644,2047668,23455178,3121386,2020106,2743550,9438759,,47230292,4064349,3225787,714636,3125693,4225458,4154184,2551545,686544,,12332323,3989093,2055628,1486723,179880,13462327,594868,2686138,2211556,754771,,4004453,1908783,524996,365507,7009591,3786960,1556278,1523925,4610258,2597324,1157107,20030902,2262574
2025-09-15,6467316,1252055,1306338,10481189,3248325,4802463,13193316,1585220,1630033,2974048,2156290,1124440,2230635,4127080,12288217,1754526,7096326,3500822,2685330,507225,8887642,1047615,,1113326,5835715,,1842423,1399772,2846123,4870049,5249532,272851,11209582,556507,5147283,2043968,23412665,3115688,2016443,2738592,9421665,,47144674,4056986,3219941,713341,3120032,4217799,4146636,2546920,685286,,12309975,3981878,2051891,1484022,179547,13437907,593795,2681254,2207560,753402,,3997201,1905305,524034,364841,6996900,3780078,1553466,1521150,4601896,2592625,1154998,19994605,2258467
2025-09-16,6440054,1246809,1300834,10436985,3234565,4782167,13137588,1578512,1623153,2961492,2147174,1119710,2221175,4109622,12236359,1747130,7066398,3486030,2673978,505075,8850146,1043229,,1108596,5811119,,1834683,1393838,2834083,4849495,5227344,271733,11162282,554185,5125525,2035368,23313851,3102444,2007929,2727068,9381933,,46945670,4039872,3206353,710331,3106874,4199997,4129092,2536170,682362,,12258031,3965108,2043205,1477744,178773,13381147,591301,2669902,2198272,750220,,3980345,1897221,521798,363293,6967402,3764082,1546930,1514700,4582460,2581703,1150096,19910239,2248921
2025-09-17,6502503,1258826,1313442,10538440,3266085,4828659,13265244,1593878,1638913,2990254,2168056,1130545,2242845,4149613,12355150,1764072,7134954,3519914,2699982,510000,8936038,1053276,,1119431,5867461,,1852413,1407431,2861663,4896578,5278170,274294,11270632,559504,5175366,2055068,23540204,3132782,2027432,2753466,9473144,,47401528,4079075,3237479,717226,3137015,4240776,4169280,2560795,689060,,12377019,4003523,2063102,1492125,180546,13511167,597014,2695906,2219548,757509,,4018957,1915739,526920,366839,7034973,3800724,1561902,1529475,4626982,2606722,1161325,20103693,2270788
2025-09-18,6518670,1261937,1316706,10564705,3274245,4840695,13298292,1597856,1642993,2997700,2173462,1133350,2248455,4159966,12385903,1768458,7152702,3528686,2706714,511275,8958274,1055877,,1122236,5882047,,1857003,1410950,2868803,4908767,5291328,274957,11298682,560881,5188269,2060168,23598803,3140636,2032481,2760300,9496757,,47519542,4089224,3245537,719011,3144818,4251333,4179684,2567170,690794,,12407823,4013468,2068253,1495848,181005,13544827,598493,2702638,2225056,759396,,4028953,1920533,528246,367757,7052466,3810210,1565778,1533300,4638508,2613199,1164232,20153775,2276449
2025-09-19,6230522,1187397,1239108,10235228,3212976,4621267,12803574,1534023,1571802,3164889,2092117,1091755,2138952,3996966,11913990,1693893,6507848,3361114,2595344,492850,8470849,1005727,,1077270,5763766,,1789893,1335207,2749601,4790107,5146546,264080,10865577,540198,4924106,1963426,22367494,3108712,2045594,2597930,9003378,,47580606,3900769,3113913,681225,3011739,4093188,3868158,2457903,658237,5403941,11860997,3789858,1980982,1415389,177344,12853851,565781,2588768,2113682,730023,,3837485,1839965,508721,352135,6670880,3647303,1505803,1579209,4465112,2516345,1090937,19199777,2182188
2025-09-22,6202476,1182323,1233476,10189482,3198616,4600801,12746420,1527401,1564994,3150901,2082873,1087025,2129750,3978966,11860620,1686583,6478698,3345866,2583664,490700,8433171,1001027,,1072426,5737998,,1782039,1329245,2737419,4768653,5123544,262862,10817179,537776,4902150,1954498,22267332,3094982,2036822,2586150,8962878,,47367370,3882999,3100583,678101,2998339,4074844,3850960,2446725,655299,5379821,11807685,3773004,1971968,1409283,176570,12796239,563073,2577374,2104166,726927,,3820073,1831653,506171,350587,6640942,3631151,1498853,1572015,4445234,2505009,1086293,19113703,2172214
2025-09-23,6161113,1174476,1225230,10121519,3177336,4570078,12661433,1517160,1554620,3129887,2069041,1079710,2115519,3952366,11781485,1675278,6435473,3323522,2566374,487375,8376912,994377,,1065244,5699694,,1770202,1320334,2719198,4736866,5089363,261133,10744960,534185,4869432,1941464,22118771,3074367,2023256,2568860,8903028,,47051362,3857064,3079968,673579,2978389,4047712,3825291,2430366,650910,5343911,11728949,3747867,1958801,1399840,175373,12710853,559349,2560217,2090068,722139,,3794537,1819417,502846,348193,6596653,3606945,1488878,1561508,4415575,2488251,1079111,18986156,2157717
2025-09-24,6154271,1173178,1223866,10110277,3173816,4564996,12647375,1515466,1552904,3126411,2066753,1078500,2113165,3947966,11768395,1673408,6428323,3319826,2563514,486825,8367606,993277,,1064056,5693358,,1768244,1318860,2716184,4731608,5083709,260847,10733014,533591,4864020,1939308,22094197,3070957,2021012,2566000,8893128,,46999090,3852774,3076558,672831,2975089,4043224,3821045,2427660,650184,5337971,11715925,3743709,1956623,1398278,175175,12696729,558733,2557379,2087736,721347,,3790313,1817393,502296,347797,6589327,3602941,1487228,1559770,4410669,2485479,1077923,18965058,2155319
2025-09-25,6141209,1170700,1221262,10088815,3167096,4555294,12620537,1512232,1549628,3119775,2062385,1076190,2108671,3939566,11743405,1669838,6414673,3312770,2558054,485775,8349840,991177,,1061788,5681262,,1764506,1316046,2710430,4721570,5072915,260301,10710208,532457,4853688,1935192,22047283,3064447,2016728,2560540,8874228,,46899298,3844584,3070048,671403,2968789,4034656,3812939,2422494,648798,5326631,11691061,3735771,1952465,1395296,174797,12669765,557557,2551961,2083284,719835,,3782249,1813529,501246,347041,6575341,3595297,1484078,1556452,4401303,2480187,1075655,18924780,2150741
2025-09-26,6097358,1162381,1212520,10016764,3144536,4522723,12530438,1501375,1538630,3097497,2047721,1068435,2093584,3911366,11659510,1657853,6368848,3289082,2539724,482250,8290197,984127,,1054174,5640654,,1751957,1306599,2691113,4687871,5036678,258468,10633645,528650,4819002,1921374,21889786,3042592,2002346,2542210,8810778,,46564282,3817089,3048193,666609,2947639,4005892,3785726,2405151,644145,5288561,11607589,3709122,1938506,1385285,173528,12579243,553609,2533772,2068338,714759,,3755177,1800557,497721,344503,6528388,3569635,1473503,1545313,4369860,2462421,1068041,18789561,2135372
2025-09-29,6231710,1187869,1239304,10237516,3213656,4622515,12806486,1534639,1572326,3165753,2092649,1092195,2139808,3997766,11916550,1694573,6509248,3361658,2595884,493050,8472933,1005727,,1077502,5765070,,1790405,1335543,2750297,4791119,5147702,264084,10868221,540314,4925274,1963710,22372330,3109552,2046410,2598370,9005178,,47590714,3901329,3115153,681297,3012439,4094020,3869102,2458287,658401,5405201,11863333,3790770,1981274,1415957,177416,12856587,565705,2589500,2114130,730311,,3838121,1840301,508521,352279,6672244,3648259,1505903,1579441,4466196,2516853,1091369,19203849,2182460
2025-09-30,6246016,1190583,1242156,10261022,3221016,4633141,12835880,1538181,1575914,3173021,2097433,1094725,2144730,4006966,11943920,1698483,6524198,3369386,2601864,494200,8492391,1008027,,1079986,5778318,,1794499,1338625,2756599,4802113,5159524,264682,10893199,541556,4936590,1968218,22423712,3116682,2051102,2604350,9025878,,47700010,3910299,3122283,682861,3019339,4103404,3877980,2463945,659919,5417621,11890565,3799464,1985828,1419223,177830,12886119,566993,2595434,2119006,731967,,3846953,1844533,509671,353107,6687562,3656631,1509353,1583075,4476454,2522649,1093853,19247963,2187474
2025-10-01,6224870,1186709,1237824,10225876,3209456,4617075,12788226,1532759,1570220,3161833,2090389,1090795,2135528,3992266,11899950,1692473,6502748,3357238,2592684,492650,8461013,1004427,,1076042,5756850,,1788045,1333963,2746617,4784659,5140622,263564,10853601,539634,4918634,1961290,22340750,3105852,2043930,2595370,8993378,,47523074,3896329,3108867,680437,3009139,4088360,3864182,2455267,657481,5397801,11846453,3785510,1978914,1414317,177056,12838507,565285,2585940,2111090,729671,,3833341,1837821,508221,352059,6663424,3643779,1503903,1577281,4459976,2513313,1090109,19176289,2179400
2025-10-02,6224248,1186591,1237700,10224854,3209136,4616613,12786948,1532605,1570062,3161517,2090181,1090685,2135314,3991866,11898760,1692303,6502098,3356902,2592424,492600,8460167,1004327,,1075934,5756274,,1787867,1333829,2746343,4784181,5140108,263538,10852515,539580,4918142,1961094,22338516,3105542,2043726,2595110,8992478,,47518322,3895939,3108555,680369,3008839,4087952,3863796,2455021,657415,5397261,11845269,3785132,1978716,1414175,177038,12837223,565229,2585682,2110878,729599,,3832957,1837637,508171,352023,6662758,3643415,1503753,1577123,4459530,2513061,1090001,19174371,2179182
2025-10-03,6243841,1190308,1241606,10257047,3219216,4631166,12827205,1537456,1575039,3171471,2096733,1094150,2142055,4004466,11936245,1697658,6522573,3367486,2600614,494175,8486816,1007477,,1079336,5774418,,1793474,1338050,2754974,4799238,5156299,264357,10886724,541281,4933640,1967268,22408887,3115307,2050152,2603300,9020828,,47668010,3908224,3118383,682511,3018289,4100804,3875955,2462770,659494,5414271,11882565,3797039,1984953,1418648,177605,12877669,566993,2593809,2117556,731867,,3845053,1843433,509746,353157,6683737,3654881,1508478,1582100,4473579,2520999,1093403,19234788,2186049
2025-10-06,6228602,1187417,1238568,10232008,3211376,4619847,12795894,1533683,1571168,3163729,2091637,1091455,2136812,3994666,11907090,1693493,6506648,3359254,2594244,492950,8466089,1005027,,1076690,5760306,,1789113,1334767,2748261,4787527,5143706,263720,10860117,539958,4921586,1962466,22354154,3107712,2045154,2596930,8998778,,47551586,3898669,3110739,680845,3010939,4090808,3866498,2456743,657877,5401041,11853557,3787778,1980102,1415169,177164,12846211,565621,2587488,2112362,730103,,3835645,1838925,508521,352275,6667420,3645963,1504803,1578229,4462652,2514825,1090757,19187797,2180708
2025-10-07,6195636,1181163,1231996,10177842,3194310,4595361,12728054,1525521,1562794,3146981,2080507,1085625,2125470,3973466,11844020,1684483,6472198,3341446,2580464,490300,8421251,999727,,1070966,5729778,,1779679,1327665,2733739,4762193,5116464,262342,10802559,537096,4895510,1952078,22235646,3091282,2034342,2583150,8951078,,47299518,3877999,3094203,677241,2994933,4069078,3846040,2443705,654379,5372421,11790699,3767744,1969608,1407643,176210,12778159,562653,2573814,2101126,726287,,3815293,1829173,505871,350367,6632122,3626671,1496853,1569855,4439014,2501469,1084927,19086143,2169154
2025-10-08,6223937,1186532,1237638,10224343,3208961,4616382,12786294,1532528,1569983,3161359,2090062,1090630,2135207,3991666,11898165,1692218,6501773,3356734,2592294,492575,8459744,1004277,,1075880,5755986,,1787778,1333762,2746206,4783942,5139851,263525,10851972,539553,4917896,1960996,22337384,3105387,2043624,2594980,8992028,,47515916,3895744,3108399,680335,3008674,4087733,3863603,2454898,657382,5396991,11844662,3784943,1978617,1414104,177029,12836581,565201,2585553,2110772,729563,,3832765,1837545,508146,352005,6662425,3643233,1503678,1577044,4459307,2512935,1089932,19173412,2179073
2025-10-09,6201545,1182284,1233174,10187551,3197369,4599750,12740214,1526984,1564295,3149983,2082502,1086670,2127503,3977266,11855325,1686098,6478373,3344638,2582934,490775,8429288,1000677,,1071992,5735250,,1781370,1328938,2736342,4766734,5121347,262589,10812876,537609,4900184,1953940,22256888,3094227,2036280,2585620,8959628,,47344700,3881704,3097167,677887,2997802,4072973,3849707,2446042,655006,5377551,11801966,3771335,1971489,1408992,176381,12790357,563185,2576265,2103140,726971,,3818941,1830921,506346,350709,6638449,3630129,1498278,1571356,4443251,2503863,1085972,19104364,2171225
2025-10-10,6154895,1173434,1223874,10110751,3173219,4565100,12644214,1515434,1552445,3126283,2066752,1078420,2111453,3947266,11766075,1673348,6429623,3319438,2563434,487025,8365838,993177,,1063892,5692050,,1768020,1318888,2715792,4730884,5082797,260639,10731426,533559,4863284,1939240,22089188,3070977,2020980,2566120,8892128,,46988000,3852454,3073767,672787,2975152,4042223,3820757,2427592,650056,5337051,11713016,3742985,1956639,1398342,175031,12694057,558985,2556915,2087240,721571,,3790141,1817121,502596,348009,6588499,3602829,1487028,1559506,4409801,2484963,1077722,18960364,2154875
2025-10-13,6254415,1192314,1243714,10274591,3224739,4639020,12849014,1540074,1577725,3176843,2100352,1096020,2145693,4011266,11956475,1700548,6533623,3373198,2605034,495025,8501198,1009177,,1081172,5784210,,1796500,1340328,2759632,4807364,5165037,264799,10905186,542199,4942004,1970600,22446948,3120577,2053620,2607720,9036128,,47748960,3914854,3123687,683667,3023472,4107823,3882517,2466952,660616,5423451,11902776,3803465,1988319,1421062,177911,12899497,567945,2598195,2121160,733091,,3851581,1846561,510596,353769,6695059,3661069,1511028,1584786,4481161,2525283,1095322,19267564,2189755
2025-10-14,6297333,1200456,1252270,10345247,3246957,4670898,12937334,1550700,1588627,3198647,2114842,1103610,2160459,4038866,12038585,1712278,6578473,3396382,2622974,498475,8559572,1016077,,1088624,5823954,,1808782,1349574,2778538,4840346,5200503,266593,10980120,545925,4975952,1984124,22601232,3141967,2067696,2625660,9098228,,48077124,3941764,3145215,688359,3044310,4136113,3909151,2483926,665170,5460711,11984610,3829547,2001981,1430860,179153,12988093,571809,2615997,2135788,738059,,3878077,1859257,514046,356253,6741013,3686185,1521378,1595688,4511935,2542671,1102912,19400044,2204797
2025-10-15,6255348,1192491,1243900,10276127,3225222,4639713,12850934,1540305,1577962,3177317,2100667,1096185,2146014,4011866,11958260,1700803,6534598,3373702,2605424,495100,8502467,1009327,,1081334,5785074,,1796767,1340529,2760043,4808081,5165808,264838,10906815,542280,4942742,1970894,22450302,3121042,2053926,2608110,9037478,,47756094,3915439,3124155,683769,3023925,4108438,3883096,2467321,660715,5424261,11904555,3804032,1988616,1421275,177938,12901423,568029,2598582,2121478,733064,,3852157,1846837,510671,353823,6696058,3661615,1511253,1585023,4481830,2525661,1095487,19270444,2190082
2025-10-16,6222693,1186296,1237390,10222367,3208317,4615458,12783734,1532220,1569667,3160727,2089642,1090410,2134779,3990866,11895785,1691878,6500473,3356062,2591774,492475,8458052,1004077,,1075664,5754834,,1787422,1333494,2745658,4782986,5138823,263473,10849800,539445,4916912,1960604,22332912,3104767,2043216,2594460,8990228,,47506404,3894964,3107775,680199,3008070,4086913,3862831,2454406,657250,5395911,11842290,3784187,1978221,1413820,176993,12834013,565089,2585037,2110348,729179,,3831997,1837177,508046,351933,6661093,3642505,1503378,1576728,4458415,2512431,1089712,19169644,2178637
2025-10-17,6238865,1189364,1240614,10988291,3216689,4627470,12817014,1536224,1573775,3168943,2095102,1093270,2140343,4001266,11926777,1696298,6517373,3364798,2598534,493775,8480048,1006677,,1078472,5769810,,1792050,1336978,2752782,4795414,5152187,264149,10878036,540849,4929704,1965700,22391048,3112827,2048520,2601220,9013628,,47630060,3905104,3115887,681967,3015922,4097573,3872867,2460802,658966,5409951,11873126,3794015,1983369,1417512,177461,12867397,566545,2591745,2115860,731103,,3841981,1841961,509346,352869,6678409,3651969,1507278,1580836,4470011,2518983,1092572,19219564,2184305
2025-10-20,6300132,1200987,1252828,11096444,3248406,4672977,12943094,1551393,1589338,3200069,2115787,1104105,2161422,4040666,12043992,1713043,6581398,3397894,2624144,498700,8563379,1016527,,1089110,5826546,,1809583,1350177,2779771,4842497,5202816,266710,10985007,546168,4978166,1985006,22611294,3143362,2068614,2626830,9102278,,48098526,3943519,3146619,688665,3045669,4137958,3910888,2485033,665467,5463141,11989947,3831248,2002872,1431499,179234,12993871,572061,2617158,2136742,738195,,3879805,1860085,514271,356415,6744010,3687823,1522053,1596399,4513942,2543805,1103407,19408487,2205778
2025-10-21,6300132,1200987,1252828,11096444,3248406,4672977,12943094,1551393,1589338,3200069,2115787,1104105,2161422,4040666,12043992,1713043,6581398,3397894,2624144,498700,8563379,1016527,,1089110,5826546,,1809583,1350177,2779771,4842497,5202816,266710,10985007,546168,4978166,1985006,22611294,3143362,2068614,2626830,9102278,,48098526,3943519,3146619,688665,3045669,4137958,3910888,2485033,665467,5463141,11989947,3831248,2002872,1431499,179234,12993871,572061,2617158,2136742,738195,,3879805,1860085,514271,356415,6744010,3687823,1522053,1596399,4513942,2543805,1103407,19408487,2205778
2025-10-22,6207765,1183464,1234414,10933391,3200589,4604370,12753014,1528524,1565875,3153143,2084602,1087770,2129643,3981266,11867277,1687798,6484873,3347998,2585534,491275,8437748,1001677,,1073072,5741010,,1783150,1330278,2739082,4771514,5126487,262849,10823736,538149,4905104,1955900,22279248,3097327,2038320,2588220,8968628,,47392260,3885604,3100287,678567,3000822,4077073,3853567,2448502,655666,5382951,11813826,3775115,1973469,1410412,176561,12803197,563745,2578845,2105260,727503,,3822781,1832761,506846,351069,6645109,3633769,1499778,1572936,4447711,2506383,1087072,19123664,2173405
2025-10-23,6206521,1183228,1234166,10931195,3199945,4603446,12750454,1528216,1565559,3152511,2084182,1087550,2129215,3980466,11864897,1687458,6483573,3347326,2585014,491175,8436056,1001477,,1072856,5739858,,1782794,1330010,2738534,4770558,5125459,262797,10821564,538041,4904120,1955508,22274776,3096707,2037912,2587700,8966828,,47382748,3884824,3099663,678431,3000218,4076253,3852795,2448010,655534,5381871,11811454,3774359,1973073,1410128,176525,12800629,563633,2578329,2104836,727359,,3822013,1832393,506746,350997,6643777,3633041,1499478,1572620,4446819,2505879,1086852,19119828,2172969
2025-10-24,6211808,1184231,1235220,10940528,3202682,4607373,12761334,1529525,1566902,3155197,2085967,1088485,2131034,3983866,11875012,1688903,6489098,3350182,2587224,491600,8443247,1002327,,1073774,5744754,,1784307,1331149,2740863,4774621,5129828,263018,10830795,538500,4908302,1957174,22293782,3099342,2039646,2589910,8974478,,47423174,3888139,3102315,679009,3002785,4079738,3856076,2450101,656095,5386461,11821535,3777572,1974756,1411335,176678,12811543,564109,2580522,2106638,727971,,3825277,1833957,507171,351303,6649438,3636135,1500753,1573963,4450610,2508021,1087787,19136131,2174822
2025-10-27,6276807,1196562,1248178,11055269,3236331,4655652,12895094,1545618,1583413,3188219,2107912,1099980,2153397,4025666,11999367,1706668,6557023,3385294,2614394,496825,8531654,1012777,,1085060,5804946,,1802908,1345152,2769496,4824572,5183541,265735,10944282,544143,4959716,1977656,22527444,3131737,2060964,2617080,9068528,,47920176,3928894,3134919,686115,3034344,4122583,3896413,2475808,662992,5442891,11945472,3817073,1995447,1426174,178559,12945721,569961,2607483,2128792,735495,,3865405,1853185,512396,355065,6719035,3674173,1516428,1590474,4497217,2534355,1099282,19336562,2197603
2025-10-28,6249439,1191370,1242722,11006957,3222163,4635324,12838774,1538842,1576461,3174315,2098672,1095140,2143981,4008066,11947007,1699188,6528423,3370510,2602954,494625,8494430,1008377,,1080308,5779602,,1795076,1339256,2757440,4803540,5160925,264591,10896498,541767,4938068,1969032,22429060,3118097,2051988,2605640,9028928,,47710912,3911734,3121191,683123,3021056,4104543,3879429,2464984,660088,5419131,11893288,3800441,1986735,1419926,177767,12889225,567497,2596131,2119464,732327,,3848509,1845089,510196,353481,6689731,3658157,1509828,1583522,4477593,2523267,1094442,19252170,2188011
2025-10-29,6267788,1194851,1246380,11039348,3231662,4648953,12876534,1543385,1581122,3183637,2104867,1098385,2150294,4019866,11982112,1704203,6547598,3380422,2610624,496100,8519387,1011327,,1083494,5796594,,1800327,1343209,2765523,4817641,5176088,265358,10928535,543360,4952582,1974814,22495022,3127242,2058006,2613310,9055478,,47851214,3923239,3130395,685129,3029965,4116638,3890816,2472241,662035,5435061,11928275,3811592,1992576,1424115,178298,12927103,569149,2603742,2125718,734451,,3859837,1850517,511671,354543,6709378,3668895,1514253,1588183,4490750,2530701,1097687,19308751,2194442
2025-10-30,6258769,1193140,1244582,11023427,3226993,4642254,12857974,1541152,1578831,3179055,2101822,1096790,2147191,4014066,11964857,1701738,6538173,3375550,2606854,495375,8507120,1009877,,1081928,5788242,,1797746,1341266,2761550,4810710,5168635,264981,10912788,542577,4945448,1971972,22462600,3122747,2055048,2609540,9042428,,47782252,3917584,3125871,684143,3025586,4110693,3885219,2468674,661078,5427231,11911078,3806111,1989705,1422056,178037,12908485,568337,2600001,2122644,733407,,3854269,1847849,510946,354021,6699721,3663617,1512078,1585892,4484283,2527047,1096092,19280911,2191281
2025-10-31,6258769,1193140,1244582,11023427,3226993,4642254,12857974,1541152,1578831,3179055,2101822,1096790,2147191,4014066,11964857,1701738,6538173,3375550,2606854,495375,8507120,1009877,,1081928,5788242,,1797746,1341266,2761550,4810710,5168635,264981,10912788,542577,4945448,1971972,22462600,3122747,2055048,2609540,9042428,,47782252,3917584,3125871,684143,3025586,4110693,3885219,2468674,661078,5427231,11911078,3806111,1989705,1422056,178037,12908485,568337,2600001,2122644,733407,,3854269,1847849,510946,354021,6699721,3663617,1512078,1585892,4484283,2527047,1096092,19280911,2191281
2025-11-03,6266544,1194615,1246132,11037152,3231018,4648029,12873974,1543077,1580806,3183005,2104447,1098165,2149866,4019066,11979732,1703863,6546298,3379750,2610104,496000,8517695,1011127,,1083278,5795442,,1799971,1342941,2764975,4816685,5175060,265306,10926363,543252,4951598,1974422,22490550,3126622,2057598,2612790,9053678,,47841702,3922459,3129771,684993,3029361,4115818,3890044,2471749,661903,5433981,11925903,3810836,1992180,1423831,178262,12924535,569037,2603226,2125294,734320,,3859069,1850149,511571,354471,6708046,3668167,1513953,1587867,4489858,2530197,1097467,19304899,2194006
2025-11-04,6266544,1194615,1246132,11037152,3231018,4648029,12873974,1543077,1580806,3183005,2104447,1098165,2149866,4019066,11979732,1703863,6546298,3379750,2610104,496000,8517695,1011127,,1083278,5795442,,1799971,1342941,2764975,4816685,5175060,265306,10926363,543252,4951598,1974422,22490550,3126622,2057598,2612790,9053678,,47841702,3922459,3129771,684993,3029361,4115818,3890044,2471749,661903,5433981,11925903,3810836,1992180,1423831,178262,12924535,569037,2603226,2125294,734320,,3859069,1850149,511571,354471,6708046,3668167,1513953,1587867,4489858,2530197,1097467,19304899,2194006
2025-11-05,6212860,1184377,1235548,10950034,3203916,4608587,12767974,1529763,1567508,3156249,2086237,1088755,2132892,3985666,11880660,1689193,6489648,3351574,2587944,491610,8447327,1002787,,1074210,5747786,,1785093,1331447,2742041,4776787,5132286,263260,10835537,538698,4910526,1957786,22304974,3100212,2040134,2590530,8978078,,47447324,3889569,3105079,679205,3003279,4081608,3857518,2450863,656377,5389041,11827617,3779438,1975362,1411409,176864,12817809,564041,2581748,2107722,728186,,3826525,1834705,507121,351295,6652058,3637243,1501423,1574689,4452772,2509185,1087957,19146019,2175888
2025-11-06,6252172,1191811,1243360,11019208,3224202,4637693,12848614,1539465,1577462,3176157,2099467,1095685,2146374,4010866,11955756,1699903,6530598,3372742,2604324,494760,8500751,1009087,,1081014,5784074,,1796307,1339889,2759303,4807027,5164668,264898,10903955,542100,4941522,1970134,22445842,3119742,2052986,2606910,9034778,,47747078,3914139,3124735,683489,3022305,4107438,3881836,2466361,660535,5423061,11902335,3803252,1987836,1420355,177998,12898827,567569,2598002,2121078,732848,,3850717,1846297,510271,353563,6694142,3660175,1510873,1584643,4480870,2525061,1094887,19266979,2189622
2025-11-07,6237508,1189038,1240446,10993405,3216635,4626836,12818534,1535846,1573749,3168731,2094532,1093100,2141345,4001466,11927744,1695908,6515323,3364846,2598214,493585,8480823,1006737,,1078476,5770538,,1792077,1336740,2752864,4795747,5152589,264287,10878434,540831,4929960,1965528,22393296,3112457,2048192,2600800,9013628,,47635265,3904974,3117403,681891,3015208,4097803,3872765,2460580,658984,5410371,11874464,3794369,1983183,1417018,177575,12868606,566253,2591939,2116096,731109,,3841693,1841973,509096,352717,6678444,3651621,1507348,1580930,4470389,2519139,1092302,19221859,2184499
2025-11-10,6250924,1191575,1243112,11017012,3223558,4636769,12846054,1539157,1577146,3175525,2099047,1095465,2145946,4010066,11953372,1699563,6529298,3372070,2603804,494660,8499055,1008887,,1080798,5782922,,1795947,1339621,2758755,4806067,5163640,264846,10901783,541992,4940538,1969742,22441370,3119122,2052578,2606390,9032978,,47737562,3913359,3124111,683353,3021701,4106618,3881064,2465869,660403,5421981,11899963,3802496,1987440,1420071,177962,12896255,567457,2597486,2120654,732700,,3849949,1845929,510171,353491,6692806,3659447,1510573,1584327,4479978,2524557,1094667,19263139,2189186
2025-11-11,6238444,1189215,1240632,10995052,3217118,4627529,12820454,1536077,1573986,3169205,2094847,1093265,2141666,4002066,11929532,1696163,6516298,3365350,2598604,493660,8482095,1006887,,1078638,5771402,,1792347,1336941,2753235,4796467,5153360,264326,10880063,540912,4930698,1965822,22396610,3112922,2048498,2601190,9014978,,47642402,3905559,3117871,681993,3015661,4098418,3873344,2460949,659083,5411181,11876243,3794896,1983480,1417231,177602,12870535,566337,2592326,2116414,731220,,3842269,1842249,509171,352771,6679446,3652167,1507573,1581167,4471058,2519517,1092467,19224739,2184826
2025-11-12,6268084,1194820,1246522,11047207,3232413,4649474,12881254,1543392,1581491,3184215,2104822,1098490,2151831,4021066,11986152,1704238,6547173,3381310,2610954,496035,8522375,1011637,,1083768,5798762,3818516,1800897,1343306,2766345,4819267,5177775,265561,10931648,543477,4954068,1975132,22502915,3127647,2058188,2613540,9057728,,47868407,3924084,3132691,685223,3030006,4117893,3891679,2472634,662218,5436831,11932578,3812946,1992885,1423976,178457,12931620,568997,2604581,2126484,734735,,3860509,1850989,511546,354481,6711176,3669457,1514698,1588672,4492243,2531487,1097692,19315939,2195181
2025-11-13,6281500,1197357,1249188,11070814,3239336,4659407,12908774,1546703,1584888,3191009,2109337,1100855,2156432,4029666,12011780,1707893,6561148,3388534,2616544,497110,8540607,1013787,,1086090,5811146,3826686,1804767,1346187,2772279,4829587,5188826,266120,10954997,544638,4964646,1979346,22551032,3134312,2062574,2619130,9077078,,47970704,3932469,3139399,686685,3036499,4126708,3899978,2477923,663637,5448441,11958077,3821116,1997142,1427029,178844,12959269,570201,2610128,2131042,736326,,3868765,1854945,512621,355255,6725538,3677283,1517923,1592069,4501832,2536905,1100057,19357219,2199868
2025-11-14,6257164,1192755,1244352,11027992,3226778,4641389,12858854,1540697,1578726,3178685,2101147,1096565,2148086,4014066,11965292,1701263,6535720,3375430,2606404,495160,8507535,1009887,,1081878,5788682,3811866,1797747,1340961,2761515,4810867,5168780,265106,10912643,542532,4945458,1971702,22463750,3122222,2054618,2608990,9041978,,47785064,3917259,3127231,684033,3024721,4110718,3884924,2468329,661063,5427381,11911823,3806296,1989420,1421491,178142,12909115,568017,2600066,2122774,733440,,3853789,1847769,510671,353851,6699486,3663087,1512073,1585907,4484438,2527077,1095767,19282339,2191366
2025-11-17,6261844,1193640,1245282,11036227,3229193,4644854,12868454,1541852,1579911,3181055,2102722,1097390,2149691,4017066,11974232,1702538,6540610,3377950,2608354,495535,8513895,1010637,,1082688,5793002,3814716,1799097,1341966,2763585,4814467,5172635,265301,10920788,542937,4949148,1973172,22480535,3124547,2056148,2610940,9048728,,47820764,3920184,3129571,684543,3026986,4113793,3887819,2470174,661558,5431431,11920718,3809146,1990905,1422556,178277,12918760,568437,2602001,2124364,733995,,3856669,1849149,511046,354121,6704496,3665817,1513198,1587092,4487783,2528967,1096592,19296739,2193001
2025-11-18,6214732,1184731,1235920,10953328,3204882,4609973,12771663,1530225,1567982,3157197,2086867,1089085,2133534,3986866,11884236,1689703,6491384,3352582,2588724,491760,8449871,1003087,,1074534,5749514,3786026,1785507,1331849,2742747,4778227,5133828,263338,10838644,538860,4912002,1958374,22311566,3100991,2040746,2591310,8980778,,47461384,3890739,3106015,679409,3004185,4082838,3858525,2451601,656575,5390661,11831175,3780456,1975956,1411835,176918,12821667,564209,2582371,2108358,728408,,3827677,1835257,507271,351403,6654062,3638335,1501873,1575163,4454110,2509941,1088287,19151779,2176542
2025-11-19,6227212,1187091,1238400,10975288,3211322,4619213,12797303,1533305,1571142,3163517,2091067,1091285,2137814,3994866,11908076,1693103,6504424,3359302,2593924,492760,8466831,1005087,,1076694,5761034,3793626,1789107,1334529,2748267,4787827,5144108,263858,10860404,539940,4921842,1962294,22356326,3107231,2044826,2596510,8998778,,47556624,3898539,3112255,680769,3010225,4091038,3866285,2456521,657895,5401461,11854895,3788056,1979916,1414675,177278,12847387,565329,2587571,2112598,729888,,3835357,1838937,508271,352123,6667422,3645615,1504873,1578323,4463030,2514981,1090487,19190219,2180902
2025-11-20,6220804,1185785,1237092,10963822,3207948,4614459,12784029,1531787,1569536,3160245,2088997,1090215,2135576,3990666,11895712,1691313,6497740,3355790,2591304,492270,8458015,1004017,,1075618,5755002,3789666,1787247,1333151,2745475,4782667,5138736,263576,10849108,539342,4916678,1960262,22333080,3104027,2042658,2593790,8989478,,47507170,3894509,3109051,680053,3007191,4086768,3862289,2454039,657213,5395781,11842533,3784076,1977850,1413261,177092,12834025,564777,2584911,2110434,729130,,3831429,1837009,507621,351811,6660466,3641793,1503283,1576677,4458348,2512417,1089417,19170145,2178636
2025-11-21,6192412,1180416,1231450,10913863,3193297,4593438,12725698,1524780,1562347,3145867,2079442,1085210,2125839,3972466,11841476,1683578,6468074,3340502,2579474,489995,8419431,999467,,1070704,5728794,3772376,1779057,1327054,2732917,4760827,5115258,262393,10799604,536885,4894292,1951344,22231251,3089831,2033376,2581960,8948437,,47290499,3876764,3094855,676959,2993450,4068113,3844635,2442846,654210,5371211,11788570,3766786,1968841,1406800,176273,12775512,562229,2573081,2100788,725763,,3813957,1828637,505346,350173,6630072,3625140,1496458,1569488,4438055,2500951,1084412,19082694,2168717
2025-11-24,6142492,1170976,1221530,10826023,3167537,4556478,12623138,1512460,1549707,3120587,2062642,1076410,2108719,3940466,11746116,1669978,6415914,3313622,2558674,485995,8351591,991467,,1062064,5682714,3741976,1764657,1316334,2710837,4722427,5073978,260313,10712564,532565,4854932,1935664,22052211,3064871,2017056,2561160,8876277,,46909539,3845564,3069895,671519,2969290,4035313,3813595,2423166,648930,5328011,11693690,3736386,1953001,1395440,174833,12672632,557749,2552281,2083828,719843,,3783237,1813917,501346,347293,6576632,3595860,1484458,1556848,4402375,2480791,1075612,18928934,2151277
2025-11-25,6099436,1162834,1212974,10750261,3145319,4524600,12534680,1501834,1538805,3098783,2048152,1068820,2093953,3912866,11663868,1658248,6370926,3290438,2540734,482545,8293079,984567,,1054612,5642970,3715756,1752237,1307088,2691793,4689307,5038374,258519,10637492,528839,4820984,1922140,21897789,3043343,2002980,2543220,8814039,,46580961,3818654,3048367,666827,2948452,4007023,3786823,2406192,644376,5290751,11611856,3710166,1939339,1385642,173591,12583898,553885,2534341,2069200,714737,,3756741,1801221,497896,344809,6530540,3570606,1474108,1545946,4371601,2463403,1068022,18796316,2136235
2025-11-26,6109732,1164781,1215020,10768378,3150632,4532223,12555833,1504375,1541412,3103997,2051617,1070635,2097484,3919466,11683536,1661053,6381684,3295982,2545024,483370,8307071,986217,,1056394,5652474,3722026,1755207,1309299,2696347,4697227,5046888,258948,10655444,529730,4829102,1925374,21934716,3048491,2006346,2547510,8828922,,46659534,3825089,3053515,667949,2953435,4013788,3793225,2410251,645465,5299661,11631425,3716436,1942606,1387985,173888,12605117,554809,2538631,2072698,715958,,3763077,1804257,498721,345403,6541562,3576645,1476583,1548553,4378960,2467561,1069837,18828029,2139832
2025-11-28,6057940,1154987,1204728,10677244,3123906,4493877,12449427,1491593,1528298,3077769,2034187,1061505,2079722,3886266,11584600,1646943,6327568,3268094,2523444,479220,8236687,977917,284551,1047430,5604666,3690486,1740267,1298177,2673439,4657387,5004060,256790,10565140,525248,4788266,1909106,21748962,3022595,1989414,2525930,8754056,,46264288,3792719,3027619,662305,2928369,3979758,3761021,2389833,639987,5254841,11532821,3684896,1926172,1376199,172394,12498379,550161,2517051,2055102,709816,,3731205,1788985,494571,342415,6486118,3546267,1464133,1535439,4341942,2446645,1060707,18668503,2121738
2025-12-01,6063556,1156049,1205844,10687126,3126804,4498035,12460965,1492979,1529720,3080613,2036077,1062495,2081648,3889866,11595328,1648473,6333436,3271118,2525784,479670,8244319,978817,284821,1048402,5609850,3693906,1741887,1299383,2675923,4661707,5008704,257024,10574932,525734,4792694,1910870,21769104,3025403,1991250,2528270,8762174,,46307146,3796229,3030427,662917,2931087,3983448,3764513,2392047,640581,5259701,11543513,3688316,1927954,1377477,172556,12509953,550665,2519391,2057010,710482,,3734661,1790641,495021,342739,6492130,3549561,1465483,1536861,4345956,2448913,1061697,18685801,2123700
2025-12-02,6101308,1163188,1213346,10753555,3146285,4525986,12538526,1502296,1539279,3099731,2048782,1069150,2094595,3914066,11667444,1658758,6372882,3291446,2541514,482695,8295623,984867,286636,1054936,5644698,3716896,1752777,1307490,2692621,4690747,5039922,258597,10640756,529001,4822460,1922728,21904503,3044279,2003592,2544000,8816745,,46595247,3819824,3049303,667031,2949358,4008253,3787987,2406930,644574,5292371,11615387,3711306,1939933,1386068,173645,12587756,554053,2535121,2069836,714959,,3757893,1801773,498046,344917,6532544,3571704,1474558,1546420,4372939,2464159,1068352,18802082,2136889
2025-12-03,6078220,1158822,1208758,10712855,3134371,4508892,12491092,1496598,1533433,3088039,2041012,1065080,2086677,3899266,11623340,1652468,6348758,3279014,2531894,480845,8264247,981167,285526,1050940,5623386,3702836,1746117,1302532,2682409,4672987,5020830,257635,10600500,527003,4804256,1915476,21821697,3032735,1996044,2534380,8783371,,46419053,3805394,3037759,664515,2938184,3993083,3773631,2397828,642132,5272391,11571431,3697246,1932607,1380814,172979,12540174,551981,2525501,2061992,712221,,3743685,1794965,496196,343585,6507828,3558162,1469008,1540574,4356437,2454835,1064282,18730968,2128823
2025-12-04,6050140,1153512,1203178,10663355,3119881,4488102,12433402,1489668,1526323,3073819,2031562,1060130,2077047,3881266,11569700,1644818,6319418,3263894,2520194,478595,8226087,976667,284176,1046080,5597376,3685736,1738017,1296502,2669989,4651387,4997610,256465,10551540,524573,4782116,1906656,21720897,3018695,1986864,2522680,8742781,,46204673,3787844,3023719,661455,2924594,3974633,3756171,2386758,639162,5248001,11517971,3680146,1923697,1374424,172169,12482304,549461,2513801,2052452,708891,,3726405,1786685,493946,341965,6477768,3541692,1462258,1533464,4336277,2443495,1059332,18644478,2119013
2025-12-05,6079156,1158999,1208944,10714505,3134854,4509585,12493015,1496829,1533670,3088513,2041327,1065245,2086998,3899866,11625128,1652723,6349736,3279518,2532284,480920,8265519,981317,285571,1051102,5624253,3703406,1746387,1302733,2682823,4673707,5021604,257674,10602132,527084,4804994,1915770,21825057,3033203,1996350,2534770,8784724,,46426199,3805979,3038227,664617,2938637,3993698,3774213,2398197,642231,5273204,11573213,3697816,1932904,1381027,173006,12542103,552065,2525891,2062310,712332,,3744261,1795241,496271,343639,6508830,3558711,1469233,1540811,4357109,2455213,1064447,18733851,2129150
2025-12-08,6081028,1159353,1209316,10717805,3135820,4510971,12496861,1497291,1534144,3089461,2041957,1065575,2087640,3901066,11628704,1653233,6351692,3280526,2533064,481070,8268063,981617,285661,1051426,5625987,3704546,1746927,1303135,2683651,4675147,5023152,257752,10605396,527246,4806470,1916358,21831777,3034139,1996962,2535550,8787430,,46440491,3807149,3039163,664821,2939543,3994928,3775377,2398935,642429,5274830,11576777,3698956,1933498,1381453,173060,12545961,552233,2526671,2062946,712554,,3745413,1795793,496421,343747,6510834,3559809,1469683,1541285,4358453,2455969,1064777,18739617,2129804
2025-12-09,6087892,1160651,1210680,10729905,3139362,4516053,12510963,1498985,1535882,3092937,2044267,1066785,2089994,3905466,11641838,1655103,6358864,3284222,2535924,481620,8277391,982717,285991,1052614,5632345,3708726,1748907,1304609,2686687,4680427,5028828,258038,10617364,527840,4811904,1918514,21856417,3037571,1999206,2538410,8797352,,46492917,3811439,3042595,665569,2942865,3999438,3779645,2401641,643155,5280792,11589845,3703136,1935676,1383015,173258,12560129,552849,2529531,2065278,713368,,3749637,1797817,496971,344143,6518182,3563835,1471333,1543023,4363381,2458741,1065987,18760759,2132202
2025-12-10,6067612,1156816,1206650,10694155,3128897,4501038,12469298,1493980,1530747,3082667,2037442,1063210,2083039,3892466,11603033,1649578,6337674,3273302,2527474,479995,8249831,979467,285016,1049104,5613560,3696376,1743057,1300254,2677717,4664827,5012058,257193,10582004,526085,4795849,1912144,21783617,3027431,1992576,2529960,8768037,,46338022,3798764,3032455,663359,2933050,3986113,3767035,2393646,641010,5263177,11551235,3690786,1929241,1378400,172673,12518269,551029,2521081,2058388,710963,,3737157,1791837,495346,342973,6496472,3551940,1466458,1537888,4348821,2450551,1062412,18698294,2125117
2025-12-11,6073976,1157739,1207864,10705005,3132214,4505445,12482235,1495649,1532530,3085690,2039727,1064445,2085118,3896466,11614842,1651423,6344396,3276498,2530084,480700,8258359,980267,285551,1050222,5619153,3700206,1745107,1301753,2680703,4669807,5017384,257334,10592972,526624,4800608,1913950,21805857,3030863,1994370,2532570,8777184,,46385673,3802479,3035687,664017,2936197,3990298,3771153,2396077,641731,5268464,11562973,3694776,1931144,1379887,172946,12531037,551345,2523971,2060630,711952,1389400,3740981,1793661,495571,343519,6503270,3555891,1467733,1539431,4353149,2453093,1063747,18717688,2127170
2025-12-12,6097612,1162223,1212576,10746577,3144374,4522925,12530723,1501425,1538458,3097698,2047631,1068549,2093250,3911590,11659986,1657807,6369020,3289266,2539888,482600,8290431,984067,286691,1054326,5640965,3714570,1751871,1306845,2691115,4687971,5036916,258322,10634164,528676,4819228,1921398,21890597,3042643,2002122,2542374,8811308,,46565945,3817223,3047467,666601,2947597,4005802,3785821,2405425,644239,5288908,11607889,3709140,1938668,1385283,173630,12579753,553473,2533775,2068610,714688,1394796,3755497,1800653,497471,344887,6528502,3569723,1473433,1545435,4370097,2462593,1067851,18790420,2135454
2025-12-15,6112851,1165114,1215614,10773380,3152214,4534195,12561985,1505149,1542280,3105440,2052727,1071195,2098493,3921341,11689092,1661923,6384896,3297498,2546209,483825,8311109,986517,287426,1056972,5655028,3723831,1756232,1310128,2697828,4699682,5049509,258959,10660722,529999,4831233,1926200,21945232,3050238,2007120,2548695,8833309,,46682173,3826729,3055062,668267,2954947,4015798,3795278,2411452,645856,5302089,11636848,3718401,1943519,1388762,174071,12611162,554845,2540096,2073755,716452,1398275,3764856,1805161,498696,345769,6544770,3578641,1477108,1549306,4381024,2468718,1070497,18837313,2140795
2025-12-16,6096368,1161987,1212328,10744389,3143734,4522005,12528171,1501121,1538146,3097066,2047215,1068333,2092822,3910794,11657610,1657471,6367724,3288594,2539372,482500,8288743,983867,286631,1054110,5639817,3713814,1751515,1306577,2690567,4687015,5035888,258270,10631996,528568,4818248,1921006,21886137,3042023,2001714,2541858,8809512,,46556457,3816447,3046847,666465,2946997,4004986,3785049,2404933,644107,5287832,11605525,3708384,1938272,1384999,173594,12577189,553361,2533259,2068190,714544,1394512,3754733,1800285,497371,344815,6527121,3568995,1473133,1545119,4369205,2462093,1067635,18786592,2135018
2025-12-17,6055316,1154199,1204144,10672185,3122614,4491645,12443955,1491089,1527850,3076210,2033487,1061205,2078698,3884526,11579202,1646383,6324956,3266418,2522344,479200,8233039,977267,284651,1046982,5601933,3688866,1739767,1297733,2672483,4655467,5001964,256554,10560452,525004,4785908,1908070,21738957,3021563,1988250,2524698,8750244,,46243353,3790839,3026387,661977,2927197,3978058,3759573,2388697,639751,5252324,11527513,3683436,1925204,1375627,172406,12492577,549665,2516231,2054330,709792,1385140,3729521,1788141,494071,342439,6483165,3544971,1463233,1534691,4339769,2445593,1060507,18660268,2120630
2025-12-18,6003690,1144405,1193852,10581383,3096054,4453465,12338047,1478473,1514902,3049982,2016223,1052241,2060936,3851492,11480598,1632439,6271172,3238530,2500930,475050,8162987,968967,282161,1038018,5554291,3657492,1724993,1286611,2649741,4615793,4959302,254396,10470480,520522,4745238,1891802,21553867,2995833,1971318,2503118,8675710,,45849601,3758635,3000657,656333,2902297,3944194,3727535,2368279,634273,5207670,11429407,3652062,1908770,1363841,170912,12386171,545017,2494817,2036900,703816,1373354,3697815,1772869,489921,339451,6427887,3514759,1450783,1521577,4302751,2424843,1051543,18501406,2102536
2025-12-19,6025149,1148476,1198130,10619126,3107094,4469335,12382069,1483717,1520284,3060884,2023399,1055967,2068319,3865223,11521584,1638235,6293528,3250122,2509831,476775,8192105,972417,283196,1041744,5574094,3670533,1731134,1291234,2659194,4632284,4977035,255293,10507878,522385,4762212,1898564,21630802,3006528,1978356,2512088,8706691,,46013269,3772021,3011352,658679,2912647,3958270,3740852,2376766,636550,5226231,11470186,3665103,1915601,1368740,171533,12430400,546949,2503718,2044145,706300,1378253,3710994,1779217,491646,340693,6450864,3527317,1455958,1527028,4318138,2433468,1055269,18567439,2110057
2025-12-22,5933513,1146698,1193026,10638342,3142048,4472791,12408223,1476683,1509408,3052348,2031489,1055757,2079883,3858223,11302472,1601949,6286036,3191892,2443397,473365,8173197,976345,284046,1038156,5548358,3639395,1737714,1279662,2653598,4644262,4996857,253467,10518288,508453,4718722,1885548,21241060,3013676,1986830,2437196,8656133,,45460275,3745173,3011800,647891,2906205,3967918,3651114,2368300,628644,5320939,11419562,3635767,1889985,1352800,171915,12107524,538673,2476622,2029535,708046,1394029,3705830,1770653,489796,338837,6331188,3504073,1454408,1543908,4301772,2440056,1040001,18420569,2097639
2025-12-23,5932592,1146521,1192840,10636692,3141562,4472098,12406300,1476455,1509174,3051874,2031174,1055592,2079562,3857626,11300720,1601700,6285061,3191397,2443019,473293,8171931,976195,284001,1037994,5547497,3638831,1737444,1279464,2653187,4643542,4996083,253428,10516659,508375,4717990,1885257,21237769,3013208,1986521,2436818,8654792,,45453228,3744594,3011332,647792,2905755,3967303,3650547,2367934,628548,5320114,11417792,3635203,1889691,1352590,171888,12105646,538589,2476238,2029220,707935,1393813,3705257,1770380,489721,338783,6330207,3503530,1454183,1543668,4301106,2439678,1039839,18417713,2097315
2025-12-24,5955310,1150887,1197428,10677392,3153550,4489192,12453734,1482079,1514946,3063566,2038944,1059662,2087480,3872352,11343936,1607842,6309111,3203607,2452343,475069,8203159,979895,285111,1041990,5568735,3652743,1744104,1284348,2663325,4661302,5015175,254390,10556841,510299,4736046,1892435,21318947,3024752,1994143,2446142,8687870,,45627054,3758876,3022876,650234,2916855,3982473,3664533,2376962,630916,5340464,11461452,3649115,1896943,1357770,172554,12151970,540661,2485710,2036990,710673,1399141,3719391,1777114,491571,340115,6354405,3516924,1459733,1549588,4317534,2449002,1043835,18488161,2105307
2025-12-26,5995527,1158616,1205550,10749442,3174772,4519453,12537705,1492035,1525164,3084264,2052699,1066867,2101497,3898421,11420440,1618715,6351686,3225222,2468849,478213,8258441,986445,287076,1049064,5606332,3677371,1755894,1292994,2681272,4692742,5048973,256093,10627974,513705,4768010,1905142,21462654,3045188,2007636,2462648,8746427,,45934773,3784159,3043312,654557,2936505,4009328,3689292,2392944,635108,5376489,11538742,3673743,1909781,1366940,173733,12233976,544329,2502478,2050745,715520,1408573,3744412,1789035,494846,342473,6397242,3540635,1469558,1560068,4346616,2465508,1050909,18612873,2119455
2025-12-29,5993071,1158144,1205054,10745042,3173476,4517605,12532577,1491427,1524540,3083000,2051859,1066427,2100641,3896829,11415768,1618051,6349086,3223902,2467841,478021,8255065,986045,286956,1048632,5604036,3675867,1755174,1292466,2680176,4690822,5046909,255989,10623630,513497,4766058,1904366,21453878,3043940,2006812,2461640,8742851,,45915981,3782615,3042064,654293,2935305,4007688,3687780,2391968,634852,5374289,11534022,3672239,1908997,1366380,173661,12228968,544105,2501454,2049905,715224,1407997,3742884,1788307,494646,342329,6394626,3539187,1468958,1559428,4344840,2464500,1050477,18605257,2118591
2025-12-30,5908339,1141860,1187942,10593242,3128764,4453849,12355661,1470451,1503012,3039392,2022879,1051247,2071109,3841905,11254584,1595143,6259386,3178362,2433065,471397,8138593,972245,282816,1033728,5524824,3623979,1730334,1274250,2642364,4624582,4975701,252401,10473762,506321,4698714,1877594,21151106,3000884,1978384,2426864,8619479,,45267657,3729347,2999008,645185,2893905,3951108,3635616,2358296,626020,5298389,11371182,3620351,1881949,1347060,171177,12056192,536377,2466126,2020925,705012,1388125,3690168,1763191,487746,337361,6304374,3489231,1448258,1537348,4283568,2429724,1035573,18342505,2088783
2025-12-31,5936890,1147347,1193708,10644392,3143830,4475332,12415274,1477519,1510266,3054086,2032644,1056362,2081060,3860412,11308896,1602862,6289611,3193707,2444783,473629,8177839,976895,284211,1038750,5551515,3641463,1738704,1280388,2655105,4646902,4999695,253610,10524261,508739,4721406,1886615,21253127,3015392,1987963,2438582,8661050,,45486114,3747296,3013516,648254,2907855,3970173,3653193,2369642,628996,5323964,11426052,3637835,1891063,1353570,172014,12114410,538981,2478030,2030690,708453,1394821,3707931,1771654,490071,339035,6334785,3506064,1455233,1544788,4304214,2441442,1040595,18431041,2098827
2026-01-02,5940267,1147996,1194390,10650442,3145612,4477873,12422325,1478355,1511124,3055824,2033799,1056967,2082237,3862601,11315320,1603775,6293186,3195522,2446169,473893,8182481,977445,284376,1039344,5554672,3643531,1739694,1281114,2656612,4649542,5002533,253753,10530234,509025,4724090,1887682,21265194,3017108,1989096,2439968,8665967,,45511953,3749419,3015232,648617,2909505,3972428,3655272,2370984,629348,5326989,11432542,3639903,1892141,1354340,172113,12121296,539289,2479438,2031845,708860,1395613,3710032,1772655,490346,339233,6338382,3508055,1456058,1545668,4306656,2442828,1041189,18441513,2100015
2026-01-06,6041577,1167466,1214850,10831942,3199334,4554103,12650277,1503435,1536864,3107964,2068449,1075117,2117809,3928533,11531702,1631165,6400436,3249972,2487749,481813,8337303,996327,289326,1057164,5657502,3705571,1769394,1302894,2701822,4728742,5100173,258043,10709686,517605,4804610,1919954,21663196,3068588,2023086,2481548,8813739,,46358709,3813439,3066712,659769,2959005,4049278,3717642,2411506,640170,5417739,11643464,3708903,1924481,1377440,175083,12350676,548529,2527878,2069975,721070,1419373,3773324,1802947,498596,345173,6446554,3567785,1480808,1572068,4389478,2484408,1059009,18780055,2140357
2026-01-07,6036358,1166463,1213796,10822592,3196563,4550176,12639363,1502143,1535538,3105278,2066664,1074182,2115973,3925133,11521757,1629754,6394911,3247167,2485607,481405,8330112,995460,289071,1056246,5652623,3702375,1767864,1301772,2699493,4724662,5095787,257822,10700438,517163,4800462,1918288,21644513,3065936,2021335,2479406,8806123,,46318725,3810141,3064060,659191,2956455,4045793,3714429,2409415,639609,5413064,11633417,3705707,1922815,1376250,174930,12340034,548053,2525702,2068190,720441,1418149,3770060,1801383,498171,344867,6440978,3564708,1479533,1570708,4385687,2482266,1058091,18763854,2138504
2026-01-08,6030525,1165342,1212618,10812123,3193466,4545787,12627165,1500699,1534056,3102276,2064669,1073137,2113921,3921333,11510642,1628177,6388736,3244032,2483213,480949,8322075,994491,288786,1055220,5647170,3698803,1766154,1300518,2696890,4720102,5090866,257575,10690102,516669,4795826,1916426,21623632,3062972,2019378,2477012,8797611,,46274018,3806455,3061096,658545,2953605,4041898,3710838,2407078,638982,5407839,11622188,3702135,1920953,1374920,174759,12328121,547521,2523270,2066195,719738,1416781,3766412,1799635,497696,344525,6434746,3561269,1478108,1569188,4381450,2479872,1057065,18745747,2136433
2026-01-09,6015482,1162451,1209580,10785124,3185479,4534468,12595707,1496975,1530234,3094534,2059524,1070442,2108629,3911533,11481977,1624110,6372811,3235947,2477039,479724,8301348,991992,288051,1052574,5633107,3689591,1761744,1297284,2690177,4708342,5078175,256938,10663446,515395,4783870,1911624,21569781,3055328,2014331,2470838,8775659,,46158721,3796949,3053452,656879,2946255,4031853,3701577,2401051,637365,5394364,11593229,3692923,1916151,1371490,174318,12297398,546149,2516998,2061050,717925,1413253,3757004,1795127,496471,343643,6418674,3552400,1474433,1565268,4370523,2473698,1054419,18699050,2131092
2026-01-12,6016403,1162628,1209766,10786777,3185968,4535161,12597633,1497203,1530468,3095008,2059839,1070607,2108953,3912133,11483732,1624359,6373786,3236442,2477417,479799,8302617,992145,288096,1052736,5633968,3690155,1762014,1297482,2690588,4709062,5078952,256977,10665078,515473,4784602,1911918,21573078,3055796,2014640,2471216,8777003,,46165780,3797531,3053920,656981,2946705,4032468,3702144,2401420,637464,5395189,11595002,3693487,1916445,1371700,174345,12299279,546233,2517382,2061365,718036,1413469,3757580,1795403,496546,343697,6419658,3552943,1474658,1565508,4371192,2474076,1054581,18701909,2131419
2026-01-13,6078916,1174709,1222324,10899086,3219085,4582549,12712231,1512887,1546350,3127130,2081234,1081652,2130925,3952833,11579447,1641256,6440061,3269977,2503251,485054,8373574,1000364,291041,1063642,5684281,3728547,1780284,1310976,2718571,4757922,5120133,259644,10775974,520847,4834298,1931800,21761519,3087500,2035517,2496850,8868335,,46574207,3836877,3085624,663867,2977355,4065063,3740595,2426377,644151,5451314,11699411,3724819,1936327,1385930,176136,12404272,551885,2537734,2079220,725519,1428117,3796708,1814131,501721,347259,6486410,3589922,1489983,1581748,4407249,2499790,1065467,18871876,2149110
2026-01-14,6085670,1176007,1223688,10911208,3222671,4587653,12726355,1514559,1548066,3130606,2083544,1082862,2133301,3957233,11592317,1643082,6447211,3273607,2506023,485604,8382880,1001486,291371,1064830,5690595,3732683,1782264,1312428,2721585,4763202,5125831,259930,10787942,521419,4839666,1933956,21785697,3090932,2037783,2499622,8878191,,46625973,3841145,3089056,664615,2980655,4069573,3744753,2429083,644877,5457364,11712413,3728955,1938483,1387470,176334,12418066,552501,2540550,2081530,726333,1429701,3800932,1816155,502271,347655,6493626,3593904,1491633,1583508,4412155,2502562,1066655,18892842,2151508
2026-01-15,6127115,1183972,1232058,10985593,3244676,4618973,12813025,1524819,1558596,3151936,2097719,1090287,2147881,3984233,11671292,1654287,6491086,3295882,2523033,488979,8439985,1008371,293396,1072120,5729340,3758063,1794414,1321338,2740080,4795602,5160796,261685,10861382,524929,4872606,1947186,21934062,3111992,2051688,2516632,8938671,3423357,46943628,3867335,3110116,669205,3000905,4097248,3770268,2445688,649332,5494489,11792198,3754335,1951713,1396920,177549,12502711,556281,2557830,2095705,731328,1439421,3826852,1828575,505646,350085,6537906,3618339,1501758,1594308,4442260,2519572,1073945,19021497,2166223
2026-01-16,6137860,1186037,1234228,11004878,3250381,4627093,12835495,1527479,1561326,3157466,2101394,1092212,2151661,3991233,11691767,1657192,6502461,3301657,2527443,489854,8454790,1010156,293921,1074010,5739385,3764643,1797564,1323648,2744875,4804002,5169861,262140,10880422,525839,4881146,1950616,21972527,3117452,2055293,2521042,8954351,3429377,47025983,3874125,3115576,670395,3006155,4104423,3776883,2449993,650487,5504114,11812883,3760915,1955143,1399370,177864,12524656,557261,2562310,2099380,732623,1441941,3833572,1831795,506521,350715,6549386,3624674,1504383,1597108,4450065,2523982,1075835,19054852,2170038
2026-01-20,6278773,1213118,1262686,11257787,3325198,4733581,13130173,1562363,1597128,3229988,2149589,1117457,2201233,4083033,11960282,1695289,6651636,3377392,2585277,501329,8648947,1033565,300806,1098796,5871118,3850935,1838874,1353942,2807758,4914162,5288742,268107,11130118,537773,4993142,1995598,22476968,3189056,2102570,2578876,9159983,3508325,48106010,3963171,3187180,686001,3075005,4198518,3863634,2506450,665634,5630339,12084152,3847207,2000125,1431500,181995,12812449,570113,2621062,2147575,749606,1474989,3921700,1874023,517996,358977,6699938,3707753,1538808,1633828,4552422,2581816,1100621,19492279,2220069
2026-01-21,6304868,1218133,1267956,11304622,3339053,4753301,13184743,1568823,1603758,3243418,2158514,1122132,2210413,4100033,12010007,1702344,6679261,3391417,2595987,503454,8684902,1037900,302081,1103386,5895513,3866915,1846524,1359552,2819403,4934562,5310757,269212,11176358,539983,5013882,2003928,22570383,3202316,2111325,2589586,9198063,3522945,48306015,3979661,3200440,688891,3087755,4215943,3879699,2516905,668439,5653714,12134387,3863187,2008455,1437450,182760,12865744,572493,2631942,2156500,752751,1481109,3938020,1881843,520121,360507,6727818,3723138,1545183,1640628,4571377,2592526,1105211,19573284,2229334
2026-01-22,6320525,1221142,1271118,11332723,3347366,4765133,13217485,1572699,1607736,3251476,2163869,1124937,2215921,4110233,12039842,1706577,6695836,3399832,2602413,504729,8706475,1040501,302846,1106140,5910150,3876503,1851114,1362918,2826390,4946802,5323966,269875,11204102,541309,5026326,2008926,22626483,3210272,2116578,2596012,9220911,3531717,48426018,3989555,3208396,690625,3095405,4226398,3889338,2523178,670122,5667739,12164528,3872775,2013453,1441020,183219,12897721,573921,2638470,2161855,754638,1484781,3947812,1886535,521396,361425,6744546,3732369,1549008,1644708,4582750,2598952,1107965,19621938,2234893
2026-01-23,6344778,1225803,1276016,11376252,3360243,4783461,13268203,1578703,1613898,3263958,2172164,1129282,2224453,4126033,12086057,1713134,6721511,3412867,2612367,506704,8739892,1044530,304031,1110406,5932823,3891355,1858224,1368132,2837213,4965762,5344427,270902,11247078,543363,5045602,2016668,22713383,3222596,2124715,2605966,9256303,3545305,48611905,4004881,3220720,693311,3107255,4242593,3904269,2532895,672729,5689464,12211217,3887627,2021195,1446550,183930,12947254,576133,2648582,2170150,757561,1490469,3962980,1893803,523371,362847,6770458,3746668,1554933,1651028,4600367,2608906,1112231,19697304,2243504
2026-01-26,6362277,1229166,1279550,11407659,3369534,4796685,13304797,1583035,1618344,3272964,2178149,1132417,2230609,4137433,12119402,1717865,6740036,3422272,2619549,508129,8764003,1047437,304886,1113484,5949182,3902071,1863354,1371894,2845022,4979442,5359190,271643,11278086,544845,5059510,2022254,22776083,3231488,2130586,2613148,9281839,3555109,48746026,4015939,3229612,695249,3115805,4254278,3915042,2539906,674610,5705139,12244904,3898343,2026781,1450540,184443,12982993,577729,2655878,2176135,759670,1494573,3973924,1899047,524796,363873,6789154,3756985,1559208,1655588,4613078,2616088,1115309,19751682,2249717
2026-01-27,6420300,1240317,1291268,11511798,3400341,4840533,13426135,1597399,1633086,3302826,2197994,1142812,2251021,4175233,12229967,1733552,6801461,3453457,2643363,512854,8843950,1057076,307721,1123690,6003425,3937603,1880364,1384368,2870915,5024802,5408141,274100,11380902,549759,5105626,2040776,22983983,3260972,2150053,2636962,9366511,3587617,49190743,4052605,3259096,701675,3144155,4293023,3950763,2563153,680847,5757114,12356603,3933875,2045303,1463770,186144,13101496,583021,2680070,2195980,766663,1508181,4010212,1916435,529521,367275,6851146,3791194,1573383,1670708,4655225,2639902,1125515,19931988,2270318
2026-01-28,6449772,1245981,1297220,11564694,3415989,4862805,13487767,1604695,1640574,3317994,2208074,1148092,2261389,4194433,12286127,1741520,6832661,3469297,2655459,515254,8884558,1061972,309161,1128874,6030977,3955651,1889004,1390704,2884067,5047842,5433005,275348,11433126,552255,5129050,2050184,23089583,3275948,2159941,2649058,9409519,3604129,49416631,4071229,3274072,704939,3158555,4312703,3968907,2574961,684015,5783514,12413339,3951923,2054711,1470490,187008,13161688,585709,2692358,2206060,770215,1515093,4028644,1925267,531921,369003,6882634,3808570,1580583,1678388,4676633,2651998,1130699,20023572,2280782
2026-01-29,6374250,1231467,1281968,11429148,3375891,4805733,13329835,1585999,1621386,3279126,2182244,1134562,2234821,4145233,12142217,1721102,6752711,3428707,2624463,509104,8780500,1049426,305471,1115590,5960375,3909403,1866864,1374468,2850365,4988802,5369291,272150,11299302,545859,5069026,2026076,22818983,3237572,2134603,2618062,9299311,3561817,48837793,4023505,3235696,696575,3121655,4262273,3922413,2544703,675897,5715864,12267953,3905675,2030603,1453270,184794,13007446,578821,2660870,2180230,761113,1497381,3981412,1902635,525771,364575,6801946,3764044,1562133,1658708,4621775,2621002,1117415,19788888,2253968
2026-01-30,6348155,1226452,1276698,11382313,3362036,4786013,13275265,1579539,1614756,3265696,2173319,1129887,2225641,4128233,12092492,1714047,6725086,3414682,2613753,506979,8744545,1045091,304196,1111000,5935980,3893423,1859214,1368858,2838720,4968402,5347276,271045,11253062,543649,5048286,2017746,22725483,3224312,2125848,2607352,9261231,3547197,48637788,4007015,3222436,693685,3108905,4244848,3906348,2534248,673092,5692489,12217718,3889695,2022273,1447320,184029,12954151,576441,2649990,2171305,757968,1491261,3965092,1894815,523646,363045,6774066,3748659,1555758,1651908,4602820,2610292,1112825,19707798,2244703
2026-02-02,6280886,1213899,1262844,14589796,3325915,6455969,13134771,1563247,1597770,3231010,2150384,1117502,2201605,4084033,11964197,1695786,6654211,3378727,2586511,501004,8651804,1033454,300651,1098902,5873251,3852627,1839424,1354636,2809041,4916222,5289323,268314,11134047,538267,4995038,1995880,22484583,3190060,2103147,2579910,9163015,3509073,48121937,3964417,3188084,685767,3076355,4200313,3864885,2506907,665381,5632564,12088221,3848659,2000607,1432030,181966,12816342,570165,2621654,2148330,749489,1475637,3922828,1874351,518471,358639,6701890,3709332,1539593,1634268,4553579,2582930,1100807,19499000,2220420
2026-02-03,6306896,1218914,1268114,14650146,3339685,6482659,13189256,1569707,1604400,3244440,2159309,1122177,2210700,4100948,12013837,1702841,6681836,3392752,2597221,503044,8687674,1037704,301926,1103492,5897646,3868607,1847074,1360246,2820686,4936622,5311253,269419,11180202,540477,5015778,2004125,22577828,3203320,2111902,2590620,9201010,3523608,48321517,3980822,3201344,688572,3089105,4217738,3880950,2517277,668101,5655939,12138371,3864639,2008937,1437980,182731,12869467,572545,2632534,2157255,752634,1481757,3939063,1882086,520596,360084,6729685,3724717,1545968,1641068,4572449,2593640,1105397,19579835,2229600
2026-02-04,6299858,1217557,1266688,14633793,3335959,6475437,13174513,1567959,1602606,3240806,2156894,1120912,2208239,4096371,12000405,1700932,6674361,3388957,2594323,502492,8677968,1036554,301581,1102250,5891045,3864283,1845004,1358728,2817535,4931102,5305319,269120,11167713,539879,5010166,2001894,22552597,3199732,2109533,2587722,9190729,3519675,48267513,3976383,3197756,687813,3085655,4213023,3876603,2514471,667365,5649614,12124801,3860315,2006683,1436370,182524,12855092,571901,2629590,2154840,751783,1480101,3934670,1879993,520021,359670,6722164,3720554,1544243,1639228,4567343,2590742,1104155,19557962,2227116
2026-02-05,6247226,1207409,1256024,14511501,3308095,6421429,13064261,1554887,1589190,3213630,2138834,1111452,2189835,4062143,11899957,1686656,6618461,3360577,2572651,498364,8605384,1027954,299001,1092962,5841681,3831947,1829524,1347376,2793971,4889822,5260943,266884,11074317,535407,4968198,1985210,22363913,3172900,2091817,2566050,9113845,3490263,47863657,3943187,3170924,682137,3059855,4177763,3844095,2493487,661861,5602314,12023321,3827979,1989827,1424330,180976,12747592,567085,2607574,2136780,745419,1467717,3901818,1864341,515721,356574,6665920,3689422,1531343,1625468,4529159,2569070,1094867,19394390,2208540
2026-02-06,6199796,1198264,1246414,14401296,3282985,6372759,12964906,1543107,1577100,3189140,2122559,1102927,2173250,4031298,11809437,1673791,6568086,3335002,2553121,494644,8539974,1020204,296676,1084592,5797196,3802807,1815574,1337146,2772736,4852622,5220953,264869,10990152,531377,4930378,1970175,22193878,3148720,2075852,2546520,9044560,3463758,47499717,3913272,3146744,677022,3036605,4145988,3814800,2474577,656901,5559689,11931871,3798839,1974637,1413480,179581,12650717,562745,2587734,2120505,739684,1456557,3872213,1850236,511846,353784,6615235,3661367,1519718,1613068,4494749,2549540,1086497,19246985,2191800
2026-02-09,6234986,1205049,1253544,14483061,3301615,6408869,13038621,1551847,1586070,3207310,2134634,1109252,2185555,4054183,11876597,1683336,6605461,3353977,2567611,497404,8588504,1025954,298401,1090802,5830201,3824427,1825924,1344736,2788491,4880222,5250623,266364,11052597,534367,4958438,1981330,22320033,3166660,2087697,2561010,9095965,3483423,47769737,3935467,3164684,680817,3053855,4169563,3836535,2488607,660581,5591314,11999721,3820459,1985907,1421530,180616,12722592,565965,2602454,2132580,743939,1464837,3894178,1860701,514721,355854,6652840,3682182,1528343,1622268,4520279,2564030,1092707,19356350,2204220
2026-02-10,6245117,1206996,1255590,14506524,3306961,6419231,13059774,1554355,1588644,3212524,2138099,1111067,2189086,4060750,11895869,1686075,6616186,3359422,2571769,498196,8602430,1027604,298896,1092584,5839672,3830631,1828894,1346914,2793012,4888142,5259137,266793,11070516,535225,4966490,1984531,22356234,3171808,2091096,2565168,9110716,3489066,47847254,3941836,3169832,681906,3058805,4176328,3842772,2492633,661637,5600389,12019191,3826663,1989141,1423840,180913,12743217,566889,2606678,2136045,745160,1467213,3900481,1863704,515546,356448,6663631,3688155,1530818,1624908,4527605,2568188,1094489,19387766,2207784
2026-02-11,6227004,1203515,1251932,14464575,3297403,6400705,13021955,1549871,1584042,3203202,2131904,1107822,2182773,4049009,11861413,1681178,6597011,3349687,2564335,496780,8577532,1024654,298011,1089398,5822739,3819539,1823584,1343020,2784929,4873982,5243915,266026,11038479,533691,4952094,1978808,22291452,3162604,2085019,2557734,9084343,3478977,47708663,3930390,3160628,679959,3049955,4164233,3831621,2485435,659749,5584164,11984381,3815571,1983359,1419710,180382,12706283,565237,2599126,2129850,742977,1462965,3889212,1858335,514071,355386,6644338,3677476,1526393,1620188,4514507,2560754,1091303,19331598,2201412
2026-02-12,6226083,1203338,1251746,14462442,3296917,6399760,13020032,1549643,1583808,3202728,2131589,1107657,2182452,4048412,11859661,1680929,6596036,3349192,2563957,496708,8576266,1024504,297966,1089236,5821878,3818975,1823314,1342822,2784518,4873262,5243141,265987,11036847,533613,4951362,1978517,22288158,3162136,2084710,2557356,9083002,3478464,47701616,3929808,3160160,679860,3049505,4163618,3831054,2485069,659653,5583339,11982611,3815007,1983065,1419500,180355,12704405,565153,2598742,2129535,742866,1462749,3888636,1858059,513996,355332,6643357,3676933,1526168,1619948,4513841,2560376,1091141,19328742,2201088
2026-02-13,6210426,1200329,1248584,14426181,3288655,6383695,12987341,1545767,1579830,3194670,2126234,1104852,2176995,4038263,11829877,1676696,6579461,3340777,2557531,495484,8554744,1021954,297201,1086482,5807241,3809387,1818724,1339456,2777531,4861022,5229983,265324,11009103,532287,4938918,1973570,22232160,3154180,2079457,2550930,9060205,3469743,47581817,3919914,3152204,678177,3041855,4153163,3821415,2478847,658021,5569314,11952521,3805419,1978067,1415930,179896,12672479,563725,2592214,2124180,740979,1459077,3878844,1853367,512721,354414,6626680,3667702,1522343,1615868,4502519,2553950,1088387,19280190,2195580
2026-02-17,6190778,1196553,1244616,14380677,3278287,6363535,12946317,1540903,1574838,3184558,2119514,1101332,2170147,4025527,11792501,1671384,6558661,3330217,2549467,493948,8527736,1018754,296241,1083026,5788873,3797355,1812964,1335232,2768763,4845662,5213471,264492,10974287,530623,4923302,1967362,22161888,3144196,2072865,2542866,9031597,3458799,47431481,3907498,3142220,676065,3032255,4140043,3809319,2471039,655973,5551714,11914761,3793387,1971795,1411450,179320,12632415,561933,2584022,2117460,738611,1454469,3866556,1847479,511121,353262,6605752,3656118,1517543,1610748,4488311,2545886,1084931,19219262,2188668
2026-02-18,6133062,1185461,1232960,14247009,3247831,6304315,12825809,1526615,1560174,3154854,2099774,1090992,2149843,3988115,11682709,1655780,6497561,3299197,2525779,489436,8448400,1009354,293421,1072874,5734917,3762011,1796044,1322824,2743007,4800542,5164967,262048,10872015,525735,4877430,1949126,21955464,3114868,2053501,2519178,8947561,3426651,46989681,3871026,3112892,669861,3004055,4101503,3773787,2448103,649957,5500014,11803841,3758043,1953371,1398290,177628,12514727,556669,2559958,2097720,731655,1440933,3830460,1830183,506421,349878,6544276,3622090,1503443,1595708,4446575,2522198,1074779,19040286,2168364
2026-02-19,6124466,1183809,1231224,14227101,3243295,6295495,12807861,1524487,1557990,3150430,2096834,1089452,2146819,3982543,11666357,1653456,6488461,3294577,2522251,488764,8436584,1007954,293001,1071362,5726881,3756747,1793524,1320976,2739171,4793822,5157743,261684,10856783,525007,4870598,1946410,21924720,3110500,2050617,2515650,8935045,3421863,46923881,3865594,3108524,668937,2999855,4095763,3768495,2444687,649061,5492314,11787321,3752779,1950627,1396330,177376,12497199,555885,2556374,2094780,730619,1438917,3825084,1827607,505721,349374,6535120,3617022,1501343,1593468,4440359,2518670,1073267,19013630,2165340
2026-02-20,6096222,1178381,1225520,14161689,3228391,6266515,12748889,1517495,1550814,3135894,2087174,1084392,2136883,3964235,11612629,1645820,6458561,3279397,2510659,486556,8397668,1003354,291621,1066394,5700477,3739451,1785244,1314904,2726567,4771742,5134007,260488,10806735,522615,4848150,1937486,21823704,3096148,2041141,2504058,8893921,3406131,46707681,3847746,3094172,665901,2986055,4076903,3751107,2433463,646117,5467014,11733041,3735483,1941611,1389890,176548,12439607,553309,2544598,2085120,727215,1432293,3807420,1819143,503421,347718,6505036,3600370,1494443,1586108,4419935,2507078,1068299,18926046,2155404
2026-02-23,6094687,1178086,1225210,14158134,3227581,6264940,12745679,1517115,1550424,3135104,2086649,1084117,2136343,3963240,11609709,1645405,6456936,3278572,2510029,486436,8395553,1003104,291546,1066124,5699042,3738511,1784794,1314574,2725882,4770542,5132717,260423,10804015,522485,4846930,1937001,21818214,3095368,2040626,2503428,8891681,3405276,46695931,3846776,3093392,665736,2985305,4075878,3750162,2432853,645952,5465639,11730091,3734543,1941121,1389540,176503,12436477,553169,2543958,2084595,727030,1431933,3806460,1818683,503296,347628,6503401,3599465,1494068,1585708,4418825,2506448,1068029,18921286,2154864
2026-02-24,6002587,1160386,1206610,13944834,3178981,6170440,12553379,1494315,1527024,3087704,2055149,1067617,2103943,3903540,11434509,1620505,6359436,3229072,2472229,479236,8268653,988104,287046,1049924,5612942,3682111,1757794,1294774,2684782,4698542,5055317,256523,10640815,514685,4773730,1907901,21488814,3048568,2009726,2465628,8757281,3353976,45990931,3788576,3046592,655836,2940305,4014378,3693462,2396253,636052,5383139,11553091,3678143,1911721,1368540,173803,12248677,544769,2505558,2053095,715930,1410333,3748860,1791083,495796,342228,6405301,3545165,1471568,1561708,4352225,2468648,1051829,18635686,2122464
2026-02-25,5991842,1158321,1204440,13919949,3173311,6159415,12530909,1491655,1524294,3082174,2051474,1065692,2100163,3896575,11414069,1617600,6348061,3223297,2467819,478396,8253848,986354,286521,1048034,5602897,3675531,1754644,1292464,2679987,4690142,5046287,256068,10621775,513775,4765190,1904506,21450384,3043108,2006121,2461218,8741601,3347991,45908681,3781786,3041132,654681,2935055,4007203,3686847,2391983,634897,5373514,11532441,3671563,1908291,1366090,173488,12226767,543789,2501078,2049420,714635,1407813,3742140,1787863,494921,341598,6393856,3538830,1468943,1558908,4344455,2464238,1049939,18602366,2118684
2026-02-26,5993377,1158616,1204750,13923504,3174121,6160990,12534119,1492035,1524684,3082964,2051999,1065967,2100703,3897570,11416989,1618015,6349686,3224122,2468449,478516,8255963,986604,286596,1048304,5604332,3676471,1755094,1292794,2680672,4691342,5047577,256133,10624495,513905,4766410,1904991,21455874,3043888,2006636,2461848,8743841,3348846,45920431,3782756,3041912,654846,2935805,4008228,3687792,2392593,635062,5374889,11535391,3672503,1908781,1366440,173533,12229897,543929,2501718,2049945,714820,1408173,3743100,1788323,495046,341688,6395491,3539735,1469318,1559308,4345565,2464868,1050209,18607126,2119224
2026-02-27,5908645,1142332,1187638,13727268,3129409,6074050,12356927,1471059,1503156,3039356,2023019,1050787,2070895,3842646,11255805,1595107,6259986,3178582,2433673,471892,8139215,972804,282456,1033400,5525120,3624583,1730254,1274578,2642860,4625102,4976369,252545,10474351,506729,4699066,1878219,21152826,3000832,1978208,2427072,8620193,3301650,45271831,3729212,2998856,645738,2894405,3951648,3635628,2358921,625954,5298989,11372551,3620615,1881733,1347120,171049,12057121,536201,2466390,2020965,704608,1388301,3690108,1762931,488146,336720,6305239,3489779,1448618,1537228,4284293,2430092,1035305,18344374,2089416
2026-03-02,5864437,1133836,1178710,13624884,3106081,6028690,12264479,1460115,1491924,3016604,2007899,1042867,2055343,3813990,11171709,1583155,6213186,3154822,2415529,468436,8078303,965604,280296,1025624,5483792,3597511,1717294,1265074,2623132,4590542,4939217,250673,10396015,502985,4663930,1864251,20994714,2978368,1963376,2408928,8555681,3277026,44933431,3701276,2976392,640986,2872805,3922128,3608412,2341353,621202,5259389,11287591,3593543,1867621,1337040,169753,11966977,532169,2447958,2005845,699280,1377933,3662460,1749683,484546,334128,6258151,3463715,1437818,1525708,4252325,2411948,1027529,18207286,2073864
2026-03-03,5881015,1137022,1182058,13663278,3114829,6045700,12299147,1464219,1496136,3025136,2013569,1045837,2061175,3824736,11203245,1587637,6230736,3163732,2422333,469732,8101145,968304,281106,1028540,5499290,3607663,1722154,1268638,2630530,4603502,4953149,251375,10425391,504389,4677106,1869489,21054006,2986792,1968938,2415732,8579873,3286260,45060331,3711752,2984816,642768,2880905,3933198,3618618,2347941,622984,5274239,11319451,3603695,1872913,1340820,170239,12000781,533681,2454870,2011515,701278,1381821,3672828,1754651,485896,335100,6275809,3473489,1441868,1530028,4264313,2418752,1030445,18258694,2079696
2026-03-04,5847800,1130167,1175768,13560038,3096494,6000025,12228897,1455499,1487586,3008226,2002144,1040462,2049815,3802336,11139120,1578802,6195311,3145707,2408163,466612,8055110,962324,279891,1023110,5468195,3586903,1712584,1261268,2615265,4577202,4924739,249810,10366311,501139,4650526,1858179,20934051,2970072,1958103,2401962,8531113,3267165,44803536,3691022,2968196,638478,2864255,3910673,3598313,2334151,619519,5244164,11254516,3583235,1862703,1333270,169414,11932611,530821,2440830,2000170,697813,1373881,3652288,1745111,482671,333890,6239794,3453544,1433393,1521548,4239723,2404802,1024915,18154389,2067436
2026-03-05,5857624,1132055,1177752,13582822,3101710,6010105,12249441,1457931,1490082,3013282,2005504,1042222,2053271,3808736,11157840,1581458,6205711,3150987,2412195,467380,8068646,963924,280371,1024838,5477379,3592919,1715464,1263380,2619649,4584882,4932995,250226,10383719,501971,4658334,1861315,20969219,2975064,1961399,2405994,8545449,3272637,44878768,3697230,2973188,639566,2869055,3917233,3604361,2338055,620575,5252964,11273428,3589251,1865839,1335510,169702,11952643,531717,2444926,2003530,698997,1376185,3658432,1748055,483471,334466,6250258,3459336,1435793,1524108,4246827,2408834,1026643,18184885,2070892
2026-03-06,5743420,1110107,1154688,13317958,3041074,5892925,12010617,1429659,1461066,2954506,1966444,1021762,2013095,3734336,10940220,1550582,6084811,3089607,2365323,458452,7911290,944952,274791,1004750,5370615,3522983,1681984,1238828,2568685,4495602,4837019,245390,10181351,492299,4567566,1824859,20560391,2917032,1923083,2359122,8378793,3209025,44004196,3625062,2915156,626918,2813255,3840973,3534053,2292671,608299,5150664,11053576,3519315,1829383,1309470,166354,11719771,521301,2397310,1964470,685233,1349401,3587008,1713831,474171,327770,6128614,3392004,1407893,1494348,4163871,2361962,1006555,17830369,2030716
2026-03-09,5694607,1100726,1144830,13204750,3015157,5842840,11908539,1417575,1448664,2929384,1949749,1013017,1995923,3702536,10847205,1537385,6033136,3063372,2345289,454636,7844033,936843,272406,996164,5324982,3493091,1667674,1228334,2546902,4457442,4795838,243323,10094855,488165,4528770,1809277,20385650,2892228,1906706,2339088,8307561,3181677,43630228,3594216,2890352,621512,2789405,3808378,3504002,2273114,603052,5106939,10959607,3489423,1813801,1298340,164923,11620078,516849,2376958,1947775,679350,1337953,3556480,1699203,470196,324908,6076462,3363225,1395968,1481628,4128414,2341928,997969,17678842,2013385
2026-03-10,5767059,1114650,1159462,13372782,3053625,5917180,12060051,1435511,1467072,2966672,1974529,1025997,2021411,3749736,10985265,1556973,6109836,3102312,2375025,460300,7943861,948879,275946,1008908,5392714,3537459,1688914,1243910,2579234,4514082,4856962,246391,10223239,494301,4586354,1832405,20645014,2929044,1931014,2368824,8413289,3222269,44185300,3640000,2927168,629536,2824805,3856758,3548606,2302142,610840,5171839,11099083,3533791,1836929,1314860,167047,11768050,523457,2407166,1972555,688082,1354945,3601792,1720915,476096,329156,6153870,3405941,1413668,1500508,4181042,2371664,1010713,17903750,2039109
