date,ldos_shares,gnrc_shares,wm_shares,luv_shares,mmm_shares,lii_shares,pwr_shares,cmi_shares,uber_shares,nsc_shares,iex_shares,fdx_shares,br_shares,vrt_shares,gd_shares,ctas_shares,eme_shares,axon_shares,gww_shares,mas_shares,hwm_shares,hubb_shares,ual_shares,cprt_shares,jbht_shares,fast_shares,efx_shares,chrw_shares,swk_shares,unp_shares,alle_shares,rtx_shares,vlto_shares,ph_shares,csx_shares,bldr_shares,ndsn_shares,payx_shares,rok_shares,dov_shares,tt_shares,sna_shares,wab_shares,gev_shares,tdg_shares,uri_shares,itw_shares,odfl_shares,rsg_shares,ftv_shares,aos_shares,lhx_shares,ba_shares,xyl_shares,hii_shares,ame_shares,de_shares,pcar_shares,rol_shares,emr_shares,lmt_shares,dal_shares,otis_shares,noc_shares,j_shares,vrsk_shares,carr_shares,fix_shares,etn_shares,cat_shares,pnr_shares,ge_shares,adp_shares,ir_shares,txt_shares,ups_shares,jci_shares,expd_shares,hon_shares
2025-03-31,651169,294016,1813627,2948052,2698151,158768,731956,682837,10372185,1124004,375546,1100486,580881,,1260119,1703364,,360200,220361,1052442,2014214,265712,1636250,4358667,395171,2846373,616772,591616,764705,3000334,429795,6614025,1230458,639484,9579886,569784,269605,1593053,562131,682695,1114932,260008,851422,1370023,278655,324455,1326340,934316,1009177,1693906,588689,935280,3724378,1204825,194564,1150064,1257657,2606688,1393275,2800329,1040202,3185012,1969423,675643,609929,702075,4010617,,1962314,2372979,819429,5331900,2021507,2003546,906318,3631657,3278412,694185,3228569
2025-04-01,651169,294016,1813627,2948052,2698151,158768,731956,682837,10372185,1124004,375546,1100486,580881,,1260119,1703364,,360200,220361,1052442,2014214,265712,1636250,4358667,395171,2846373,616772,591616,764705,3000334,429795,6614025,1230458,639484,9579886,569784,269605,1593053,562131,682695,1114932,260008,851422,1370023,278655,324455,1326340,934316,1009177,1693906,588689,935280,3724378,1204825,194564,1150064,1257657,2606688,1393275,2800329,1040202,3185012,1969423,675643,609929,702075,4010617,,1962314,2372979,819429,5331900,2021507,2003546,906318,3631657,3278412,694185,3228569
2025-04-03,644545,291009,1797492,2918137,2670747,157156,726816,675893,10278364,1112565,371733,1089295,574991,,1247316,1686066,,356542,218129,1041747,1993785,264615,1619665,4314430,391172,2817450,610510,585633,756924,2973240,425403,6554086,1217965,632974,9482577,563987,266877,1576871,556427,675782,1103617,257373,842804,1357804,275834,321169,1312855,924830,998947,1676701,582737,925773,3690727,1192580,192580,1138387,1246285,2580224,1379108,2771871,1030931,3152638,1949428,668771,603760,694945,3969862,,1944681,2351461,811090,5280343,2000985,1983210,897111,3599346,3245097,687117,3199450
2025-04-07,637269,287711,1777262,2885327,2640691,155388,718656,668277,10162730,1100019,367551,1077021,568531,,1233274,1667094,,352530,215681,1030017,1971379,261657,1601475,4265912,386786,2785728,603642,579071,748390,2939784,420575,6480340,1204263,625834,9375851,557629,263885,1559123,550171,668200,1091207,254483,833352,1342538,272740,317565,1298065,914426,987727,1657831,576209,915335,3649213,1179150,190404,1125569,1232277,2551188,1363570,2740659,1019337,3117137,1927498,661223,596994,687125,3925152,,1922819,2325009,801944,5220945,1978477,1960906,887013,3558852,3208547,679365,3163444
2025-04-16,624001,281697,1740372,2825497,2585883,152164,703776,654389,9951868,1077141,359925,1054639,556759,,1207668,1632498,,345214,211217,1008627,1930521,256263,1568305,4177438,378788,2727890,591118,567105,732828,2878776,411771,6345862,1179277,612814,9181253,546035,258429,1526759,538763,654374,1068577,249213,816116,1314700,267098,310993,1271095,895454,967267,1623421,564305,896301,3573511,1154668,186436,1102195,1206733,2498240,1335236,2683743,998195,3052367,1887516,647459,584664,672865,3843622,,1882953,2276773,785266,5112631,1937433,1920234,868599,3485010,3141897,665229,3097786
2025-04-22,633203,285868,1765957,2866992,2623895,154400,714096,664021,10098129,1093008,365214,1070162,564972,,1225427,1656510,,350288,214313,1023462,1958876,260004,1591328,4238817,384335,2768052,599804,575404,743621,2921088,417877,6439129,1196606,621844,9316290,554076,262213,1549205,546675,663963,1084272,252868,828070,1334007,271011,315551,1289800,908612,981475,1647304,572561,909502,3626014,1171696,189188,1118406,1224449,2534962,1354887,2723217,1012858,3097302,1915294,657005,593264,682755,3900167,,1910620,2310227,796833,5187770,1965917,1948442,881370,3536223,3188122,675033,3143323
2025-04-23,630207,284510,1757627,2853482,2611519,153672,710736,660885,10050501,1087842,363492,1065108,562298,,1219645,1648684,,348636,213305,1018632,1949636,258786,1583824,4218825,382529,2754976,596976,572702,740107,2907312,415889,6408763,1190964,618904,9272330,551458,260981,1541897,544099,660841,1079162,251678,824178,1327721,269737,314067,1283710,904328,976841,1639520,569873,905204,3608920,1166152,188292,1113128,1218681,2523006,1348489,2710365,1008084,3082672,1906250,653897,590464,679535,3881757,,1901604,2299335,793067,5163298,1956635,1939258,877212,3519549,3173072,671841,3128497
2025-04-25,629565,284219,1755842,2850587,2608867,153516,710016,660213,10040295,1086735,363123,1064025,561725,,1218406,1647007,,348282,213089,1017597,1947656,258525,1582216,4214541,382142,2752174,596370,572123,739354,2904360,415463,6402256,1189755,618274,9262910,550897,260717,1540331,543547,660172,1078067,251423,823344,1326374,269464,313749,1282405,903410,975848,1637852,569297,904283,3605257,1164964,188100,1111997,1217445,2520444,1347118,2707611,1007061,3079537,1904312,653231,589864,678845,3877812,,1899672,2297001,792260,5158054,1954646,1937290,876321,3515976,3169847,671157,3125320
2025-04-28,629351,284122,1755247,2849622,2607983,153464,709776,659989,10036893,1086366,363000,1063664,561534,,1217993,1646448,,348164,213017,1017252,1946996,258438,1581680,4213113,382013,2751240,596168,571930,739103,2903376,415321,6400087,1189352,618064,9259770,550710,260629,1539809,543363,659949,1077702,251338,823066,1325925,269373,313643,1281970,903104,975517,1637296,569105,903976,3604036,1164568,188036,1111620,1217033,2519590,1346661,2706693,1006720,3078492,1903666,653009,589664,678615,3876497,,1899028,2296223,791991,5156306,1953983,1936634,876024,3514785,3168772,670929,3124261
2025-05-13,618865,281569,1726092,2802337,2564667,151216,698016,649013,9870195,1069585,357673,1046675,552775,,1198656,1620257,,342382,209489,1000347,1914656,254175,1555416,4143141,375692,2708574,586270,562473,726804,2855160,410563,6293806,1169605,608274,9105910,543647,256317,1514231,534347,649022,1059817,247173,809444,1303924,264914,308449,1261655,888110,959298,1610052,559697,889533,3544207,1147564,184900,1093147,1196845,2477744,1326668,2663611,990011,3030887,1872012,642731,579864,667345,3814562,,1867472,2258101,780510,5070654,1921896,1904490,861471,3456426,3118297,661157,3072370
2025-05-14,618865,281569,1726092,2802337,2564667,151216,698016,649013,9870195,1069585,357673,1046675,552775,,1198656,1620257,,342382,209489,1000347,1914656,254175,1555416,4143141,375692,2708574,586270,562473,726804,2855160,410563,6293806,1169605,608274,9105910,543647,256317,1514231,534347,649022,1059817,247173,809444,1303924,264914,308449,1261655,888110,959298,1610052,559697,889533,3544207,1147564,184900,1093147,1196845,2477744,1326668,2663611,990011,3030887,1872012,642731,579864,667345,3814562,,1867472,2258101,780510,5070654,1921896,1904490,861471,3456426,3118297,661157,3072370
2025-05-16,623573,283703,1739182,2823573,2586215,152360,703296,655041,9950165,1077703,360379,1054617,556977,,1208842,1634055,,344978,211073,1007937,1929176,256089,1567208,4174557,378530,2729122,590714,566719,732326,2878408,413687,6345046,1178471,613394,9187525,547761,258253,1525715,538395,653952,1067847,249043,815560,1313802,267216,310781,1272425,894842,966580,1626384,563921,896287,3572791,1156276,186308,1101441,1205931,2496532,1336755,2686441,997513,3053877,1889524,648315,584264,672405,3847425,,1881640,2276450,786428,5112116,1938082,1918922,868005,3482634,3145047,666173,3097268
2025-05-19,623573,283703,1739182,2823573,2586215,152360,703296,655041,9950165,1077703,360379,1054617,556977,,1208842,1634055,,344978,211073,1007937,1929176,256089,1567208,4174557,378530,2729122,590714,566719,732326,2878408,413687,6345046,1178471,613394,9187525,547761,258253,1525715,538395,653952,1067847,249043,815560,1313802,267216,310781,1272425,894842,966580,1626384,563921,896287,3572791,1156276,186308,1101441,1205931,2496532,1336755,2686441,997513,3053877,1889524,648315,584264,672405,3847425,,1881640,2276450,786428,5112116,1938082,1918922,868005,3482634,3145047,666173,3097268
2025-05-20,623573,283703,1739182,2823573,2586215,152360,703296,655041,9950165,1077703,360379,1054617,556977,,1208842,1634055,,344978,211073,1007937,1929176,256089,1567208,4174557,378530,2729122,590714,566719,732326,2878408,413687,6345046,1178471,613394,9187525,547761,258253,1525715,538395,653952,1067847,249043,815560,1313802,267216,310781,1272425,894842,966580,1626384,563921,896287,3572791,1156276,186308,1101441,1205931,2496532,1336755,2686441,997513,3053877,1889524,648315,584264,672405,3847425,,1881640,2276450,786428,5112116,1938082,1918922,868005,3482634,3145047,666173,3097268
2025-05-21,619293,281763,1727282,2804253,2568515,151320,698497,650561,9882106,1070323,357919,1047397,553157,,1200583,1622875,,342618,209633,1001037,1915976,254349,1556488,4145977,375950,2710442,586674,562859,727306,2858708,410847,6301647,1170411,609194,9124686,544022,256493,1515275,534715,649472,1060548,247343,810000,1304802,265396,308661,1263725,888722,959960,1615264,560081,890147,3548351,1148356,185028,1093901,1197671,2479453,1327595,2668061,990693,3032978,1876604,643875,580264,667805,3821105,,1868760,2260870,781048,5077136,1924822,1905803,862066,3458794,3123527,661613,3076089
2025-07-07,623332,285210,1771883,2759975,2604157,154672,716533,666129,10117010,1090019,364528,1065823,568673,,1219020,1660779,,357588,211382,1018090,1953317,258506,1581292,4251299,378212,5547436,601251,573044,746741,2890711,415305,6463358,1200031,618320,9082634,533422,260873,1550146,545598,663787,1079121,253270,828304,1320477,271759,314287,1289084,900226,982186,1646286,561063,904020,3647937,1178037,189392,1116506,1221225,2538328,1356589,2721812,1008942,3160776,1910347,654704,579889,677091,3854900,,1893149,2275386,794133,5158969,1963964,1953004,871273,3550438,3181515,660936,3109406
2025-07-08,623332,285210,1771883,2759975,2604157,154672,716533,666129,10117010,1090019,364528,1065823,568673,,1219020,1660779,,357588,211382,1018090,1953317,258506,1581292,4251299,378212,5547436,601251,573044,746741,2890711,415305,6463358,1200031,618320,9082634,533422,260873,1550146,545598,663787,1079121,253270,828304,1320477,271759,314287,1289084,900226,982186,1646286,561063,904020,3647937,1178037,189392,1116506,1221225,2538328,1356589,2721812,1008942,3160776,1910347,654704,579889,677091,3854900,,1893149,2275386,794133,5158969,1963964,1953004,871273,3550438,3181515,660936,3109406
2025-07-09,623754,285404,1773083,2761841,2605919,154776,717019,666581,10123858,1090757,364776,1066545,569057,,1219844,1661903,,357830,211526,1018780,1954639,258680,1582362,4254177,378468,5551192,601657,573432,747247,2892667,415587,6467732,1200843,618738,9088786,533784,261051,1551196,545968,664235,1079851,253442,828864,1321371,271943,314499,1289958,900834,982852,1647398,561443,904632,3650405,1178833,189520,1117262,1222051,2540046,1357509,2723654,1009624,3162914,1911639,655148,580283,677549,3857510,,1894431,2276926,794671,5162461,1965294,1954326,871865,3552840,3183669,661384,3111510
2025-07-10,625231,286083,1777283,2768372,2612086,155140,718720,668163,10147826,1093340,365644,1069072,570401,,1222728,1665837,,358677,212030,1021195,1959266,259289,1586107,4264250,379364,5564338,603078,574790,749018,2899513,416574,6483041,1203685,620201,9110318,535051,261674,1554871,547263,665803,1082406,254044,830824,1324500,272587,315241,1293017,902962,985183,1651290,562773,906774,3659043,1181619,189968,1119908,1224942,2546059,1360729,2730101,1012011,3170397,1916161,656702,581662,679152,3866645,,1898918,2282316,796554,5174683,1969949,1958953,873937,3561247,3191208,662952,3118874
2025-07-11,624176,285598,1774283,2763707,2607681,154880,717505,667033,10130706,1091495,365024,1067267,569441,,1220668,1663027,,358072,211670,1019470,1955961,258854,1583432,4257055,378724,5554948,602063,573820,747753,2894623,415869,6472106,1201655,619156,9094938,534146,261229,1552246,546338,664683,1080581,253614,829424,1322265,272127,314711,1290832,901442,983518,1648510,561823,905244,3652873,1179629,189648,1118018,1222877,2541764,1358429,2725496,1010306,3165052,1912931,655592,580677,678007,3860120,,1895713,2278466,795209,5165953,1966624,1955648,872457,3555242,3185823,661832,3113614
2025-07-14,625442,286180,1777883,2769305,2612967,155192,718963,668389,10151250,1093709,365768,1069433,570593,,1223140,1666399,,358798,212102,1021540,1959927,259376,1586642,4265689,379492,5566216,603281,574984,749271,2900491,416715,6485228,1204091,620410,9113394,535232,261763,1555396,547448,666027,1082771,254130,831104,1324947,272679,315347,1293454,903266,985516,1651846,562963,907080,3660277,1182017,190032,1120286,1225355,2546918,1361189,2731022,1012352,3171466,1916807,656924,581859,679381,3867950,,1899559,2283086,796823,5176429,1970614,1959614,874233,3562448,3192285,663176,3119926
2025-07-15,626075,286471,1779683,2772104,2615610,155348,719692,669067,10161522,1094816,366140,1070516,571169,,1224376,1668085,,359161,212318,1022575,1961910,259637,1588247,4270006,379876,5571850,603890,575566,750030,2903425,417138,6491789,1205309,621037,9122622,535775,262030,1556971,548003,666699,1083866,254388,831944,1326288,272955,315665,1294765,904178,986515,1653514,563533,907998,3663979,1183211,190224,1121420,1226594,2549495,1362569,2733785,1013375,3174673,1918745,657590,582450,680068,3871865,,1901482,2285396,797630,5181667,1972609,1961597,875121,3566051,3195516,663848,3123082
2025-07-16,627341,287053,1783283,2777702,2620896,155660,721150,670423,10182066,1097030,366884,1072682,572321,,1226848,1671457,,359887,212750,1024645,1965876,260159,1591457,4278640,380644,5583118,605108,576730,751548,2909293,417984,6504911,1207745,622291,9141078,536861,262564,1560121,549113,668043,1086056,254904,833624,1328970,273507,316301,1297387,906002,988513,1656850,564673,909834,3671383,1185599,190608,1123688,1229072,2554649,1365329,2739311,1015421,3181087,1922621,658922,583632,681442,3879695,,1905328,2290016,799244,5192143,1976599,1965563,876897,3573257,3201978,665192,3129394
2025-07-17,628607,287635,1786883,2783300,2626182,155972,722608,671779,10202610,1099244,367628,1074848,573473,,1229320,1674829,,360613,213182,1026715,1969842,260681,1594667,4287274,381412,5594386,606326,577894,753066,2915161,418830,6518033,1210181,623545,9159534,537947,263098,1563271,550223,669387,1088246,255420,835304,1331652,274059,316937,1300009,907826,990511,1660186,565813,911670,3678787,1187987,190992,1125956,1231550,2559803,1368089,2744837,1017467,3187501,1926497,660254,584814,682816,3887525,,1909174,2294636,800858,5202619,1980589,1969529,878673,3580463,3208440,666536,3135706
2025-07-18,627552,287150,1783883,2778635,2621777,155712,721393,670649,10185490,1097399,367008,1073043,572513,,1227260,1672019,,360008,212822,1024990,1966537,260246,1591992,4280079,380772,5584996,605311,576924,751801,2910271,418125,6507098,1208151,622500,9144154,537042,262653,1560646,549298,668267,1086421,254990,833904,1329417,273599,316407,1297824,906306,988846,1657406,564863,910140,3672617,1185997,190672,1124066,1229485,2555508,1365789,2740232,1015762,3182156,1923267,659144,583829,681671,3881000,,1905969,2290786,799513,5193889,1977264,1966224,877193,3574458,3203055,665416,3130446
2025-07-21,629240,287926,1788683,2786099,2628825,156128,723337,672457,10212882,1100351,368000,1075931,574049,,1230556,1676515,,360976,213398,1027750,1971825,260942,1596272,4291591,381796,5600020,606935,578476,753825,2918095,419253,6524594,1211399,624172,9168762,538490,263365,1564846,550778,670059,1089341,255678,836144,1332993,274335,317255,1301320,908738,991510,1661854,566383,912588,3682489,1189181,191184,1127090,1232789,2562380,1369469,2747600,1018490,3190708,1928435,660920,585405,683503,3891440,,1911097,2296946,801665,5207857,1982584,1971512,879561,3584066,3211671,667208,3138862
2025-07-22,634304,290254,1803083,2808491,2649969,157376,729169,677881,10295058,1109207,370976,1084595,578657,,1240444,1690003,,363880,215126,1036030,1987689,263030,1609112,4326127,384868,5645092,611807,583132,759897,2941567,422637,6577082,1221143,629188,9242586,542834,265501,1577446,555218,675435,1098101,257742,842864,1343721,276543,319799,1311808,916034,999502,1675198,570943,919932,3712105,1198733,192720,1136162,1242701,2582996,1380509,2769704,1026674,3216364,1943939,666248,590133,688999,3922760,,1926481,2315426,808121,5249761,1998544,1987376,886665,3612890,3237519,672584,3164110
2025-07-23,637680,291806,1812683,2823419,2664065,158208,733057,681497,10349858,1115111,372960,1090371,581729,,1247052,1698995,,365816,216278,1041550,1998265,264422,1617672,4349167,386916,5675156,615055,586236,763945,2957215,424893,6612090,1227639,632532,9291802,545730,266925,1585846,558178,679035,1103941,259118,847344,1350873,278015,321495,1318800,920914,1004830,1684110,573983,924828,3731865,1205117,193744,1142210,1249309,2596756,1387869,2784440,1032130,3233468,1954275,669800,593285,692663,3943656,,1936737,2327746,812425,5277697,2009184,1997952,891401,3632122,3254767,676168,3180958
2025-07-24,636203,291127,1808483,2816888,2657898,157844,731856,680315,10325883,1113328,373092,1088644,580385,,1244161,1695061,,365269,215774,1041735,1993638,263813,1613927,4339087,387020,5665603,613634,586378,764074,2950369,424906,6596774,1224797,631069,9277170,545763,267002,1583171,556883,677460,1101386,258516,845384,1347744,277371,320953,1316741,918779,1003099,1680211,572653,923186,3723220,1202324,193296,1139564,1246418,2592536,1388149,2777993,1029743,3225985,1949753,668246,593406,691060,3937414,,1932250,2322356,812542,5266375,2004529,1993325,891629,3623708,3249721,676300,3173587
2025-07-25,636625,291321,1809683,2818754,2659660,157948,732342,680767,10332733,1114066,373340,1089366,580769,,1244987,1696185,,365511,215918,1042425,1994960,263987,1614997,4341967,387276,5669361,614040,586766,764580,2952325,425188,6601150,1225609,631487,9283322,546125,267180,1584221,557253,677910,1102116,258688,845944,1348638,277555,321165,1317615,919389,1003765,1681325,573033,923798,3725690,1203122,193424,1140320,1247244,2594256,1389069,2779835,1030425,3228123,1951045,668690,593800,691518,3940026,,1933532,2323896,813080,5269867,2005859,1994647,892221,3626112,3251877,676748,3175693
2025-07-28,640634,293164,1821083,2836481,2676399,158936,736959,685061,10397808,1121077,375696,1096225,584417,,1252834,1706863,,367810,217286,1048980,2007519,265640,1625162,4369327,389708,5705062,617897,590452,769387,2970907,427867,6642722,1233323,635458,9341766,549564,268871,1594196,560768,682185,1109051,260322,851264,1357131,279303,323179,1325918,925184,1010092,1691908,576643,929612,3749155,1210703,194640,1147502,1255091,2610596,1397809,2797334,1036904,3248434,1963319,672908,597543,695869,3964840,,1945711,2338526,818191,5303041,2018494,2007206,897845,3648950,3272359,681004,3195687
2025-07-29,638735,292291,1815683,2828084,2668470,158468,734772,683027,10366983,1117756,374580,1092976,582689,,1249117,1701805,,366721,216638,1045875,2001570,264857,1620347,4356367,388556,5688151,616070,588706,767110,2962105,426598,6623030,1229669,633577,9314082,547935,268070,1589471,559103,680160,1105766,259548,848744,1353108,278475,322225,1321985,922439,1007095,1686895,574933,926858,3738040,1207112,194064,1144100,1251374,2602856,1393669,2789045,1033835,3238813,1957505,670910,595770,693808,3953086,,1939942,2331596,815770,5287327,2012509,2001257,895181,3638132,3262657,678988,3186219
2025-07-30,640634,293164,1821083,2836481,2676399,158936,736959,685061,10397808,1121077,375696,1096225,584417,,1252834,1706863,,367810,217286,1048980,2007519,265640,1625162,4369327,389708,5705062,617897,590452,769387,2970916,427867,6642722,1233323,635458,9341775,549564,268871,1594196,560768,682185,1109051,260322,851264,1357131,279303,323179,1325918,925184,1010092,1691908,576643,929612,3749155,1210703,194640,1147502,1255091,2610596,1397809,2797334,1036913,3248434,1963319,672908,597543,695869,3964840,,1945711,2338526,818191,5303041,2018494,2007206,897845,3648950,3272359,681004,3195696
2025-07-31,645487,295395,1834883,2857940,2696662,160132,742548,690259,10476583,1129564,378548,1104528,588833,,1262333,1719789,,370593,218942,1056915,2022722,267641,1637467,4402447,392652,5748279,622566,594914,775206,2993433,431110,6693046,1242661,640265,9412546,553727,270918,1606271,565023,687360,1117446,262300,857704,1367412,281419,325617,1335969,932199,1017751,1704719,581013,936650,3777560,1219880,196112,1156196,1264590,2630376,1408389,2818517,1044779,3273021,1978177,678014,602074,701136,3994878,,1960454,2356236,824378,5343199,2033789,2022409,904653,3676596,3297153,686156,3219915
2025-08-01,647386,296268,1840283,2866337,2704591,160600,744735,692293,10507408,1132885,379664,1107777,590561,,1266050,1724847,,371682,219590,1060020,2028671,268424,1642282,4415407,393804,5765190,624393,596660,777483,3002244,432379,6712738,1246315,642146,9440239,555356,271719,1610996,566688,689385,1120731,263074,860224,1371435,282247,326571,1339902,934944,1020748,1709732,582723,939404,3788675,1223471,196688,1159598,1268307,2638116,1412529,2826806,1047857,3282642,1983991,680012,603847,703197,4006632,,1966223,2363166,826799,5358922,2039774,2028358,907317,3687414,3306855,688172,3229392
2025-08-04,652450,298596,1854683,2888729,2725735,161848,750567,697717,10589608,1141741,382640,1116441,595169,,1275962,1738335,,374586,221318,1068300,2044535,270512,1655122,4449967,396876,5810286,629265,601316,783555,3025740,435763,6765250,1256059,647162,9514087,559700,273855,1623596,571128,694785,1129491,265138,866944,1382163,284455,329115,1350390,942264,1028740,1723100,587283,946748,3818315,1233047,198224,1168670,1278219,2658756,1423569,2848910,1056065,3308298,1999495,685340,608575,708693,4037976,,1981607,2381646,833255,5400850,2055734,2044222,914421,3716262,3332727,693548,3254664
2025-08-05,653083,298887,1856483,2891528,2728378,162004,751296,698395,10599883,1142848,383012,1117524,595745,,1277201,1740021,,374949,221534,1069335,2046518,270773,1656727,4454287,397260,5815923,629874,601898,784314,3028677,436186,6771814,1257277,647789,9523318,560243,274122,1625171,571683,695460,1130586,265396,867784,1383504,284731,329433,1351701,943179,1029739,1724771,587853,947666,3822020,1234244,198416,1169804,1279458,2661336,1424949,2851673,1057091,3311505,2001433,686006,609166,709380,4041894,,1983530,2383956,834062,5406091,2057729,2046205,915309,3719868,3335961,694220,3257823
2025-08-06,651395,298111,1851683,2884064,2721330,161588,749352,696587,10572483,1139896,382020,1114636,594209,,1273897,1735525,,373981,220958,1066575,2041230,270077,1652447,4442767,396236,5800891,628250,600346,782290,3020845,435058,6754310,1254029,646117,9498702,558795,273410,1620971,570203,693660,1127666,264708,865544,1379928,283995,328585,1348205,940739,1027075,1720315,586333,945218,3812140,1231052,197904,1166780,1276154,2654456,1421269,2844305,1054355,3302953,1996265,684230,607590,707548,4031446,,1978402,2377796,831910,5392115,2052409,2040917,912941,3710252,3327337,692428,3249399
2025-08-07,647386,296268,1840283,2866337,2704591,160600,744735,692293,10507408,1132885,379664,1107777,590561,,1266050,1724847,,371682,219590,1060020,2028671,268424,1642282,4415407,393804,5765190,624393,596660,777483,3002244,432379,6712738,1246315,642146,9440239,555356,271719,1610996,566688,689385,1120731,263074,860224,1371435,282247,326571,1339902,934944,1020748,1709732,582723,939404,3788675,1223471,196688,1159598,1268307,2638116,1412529,2826806,1047857,3282642,1983991,680012,603847,703197,4006632,,1966223,2363166,826799,5358922,2039774,2028358,907317,3687414,3306855,688172,3229392
2025-08-08,639157,292485,1816883,2829950,2670193,158572,735258,683479,10373833,1118494,374828,1093698,583073,,1249943,1702929,,366963,216782,1046526,2002892,265031,1621417,4359247,388812,5691909,616476,589094,767616,2964063,426880,6627406,1230481,633995,9320236,548297,268248,1590521,559473,680610,1106496,259720,849304,1354002,278659,322437,1322859,923049,1007761,1688009,575313,927470,3740510,1207910,194192,1144856,1252200,2604576,1394589,2790887,1034519,3240912,1958797,671354,596164,694266,3955698,,1941224,2333136,816308,5290789,2013839,2002579,895773,3640536,3264813,679436,3188325
2025-08-11,647175,297271,1840483,2865404,2704909,160548,744492,692067,10509183,1132516,379540,1107416,590369,,1265637,1724285,,371561,219718,1059674,2028010,268337,1641747,4419367,393676,5763311,624190,596466,777230,3002765,432238,6713850,1245909,642237,9437162,555175,271630,1610471,566503,689160,1120866,262988,859944,1371688,282255,326665,1339465,934639,1020415,1709175,582533,939098,3789340,1223072,197424,1160620,1268494,2637256,1412069,2825885,1048015,3281572,1983383,679790,603650,702968,4005326,,1966582,2363596,826568,5359075,2040009,2027697,907021,3686212,3305777,687948,3229939
2025-08-12,647175,297271,1840483,2865404,2704909,160548,744492,692067,10509183,1132516,379540,1107416,590369,,1265637,1724285,,371561,219718,1059674,2028010,268337,1641747,4419367,393676,5763311,624190,596466,777230,3002765,432238,6713850,1245909,642237,9437162,555175,271630,1610471,566503,689160,1120866,262988,859944,1371688,282255,326665,1339465,934639,1020415,1709175,582533,939098,3789340,1223072,197424,1160620,1268494,2637256,1412069,2825885,1048015,3281572,1983383,679790,603650,702968,4005326,,1966582,2363596,826568,5359075,2040009,2027697,907021,3686212,3305777,687948,3229939
2025-08-13,650551,298823,1850083,2880348,2719021,161380,748380,695683,10563999,1138420,381524,1113192,593441,,1272245,1733277,,373497,220870,1065210,2038586,269729,1650307,4442407,395724,5793375,627438,599570,781278,3018429,434494,6748858,1252405,645581,9486394,558071,273054,1618871,569463,692760,1126706,264364,864424,1378840,283727,328361,1346457,939519,1025743,1718087,585573,943994,3809100,1229456,198448,1166668,1275102,2651016,1419429,2840621,1053487,3298692,1993735,683342,606802,706632,4026222,,1976838,2375916,830888,5387027,2050649,2038273,911757,3705444,3323025,691532,3246787
2025-08-14,651606,299308,1853083,2885018,2723431,161640,749595,696813,10581129,1140265,382144,1114997,594401,,1274310,1736087,,374102,221230,1066940,2041891,270164,1652982,4449607,396364,5802770,628453,600540,782543,3023324,435199,6759798,1254435,646626,9501779,558976,273499,1621496,570388,693885,1128531,264794,865824,1381075,284187,328891,1348642,941044,1027408,1720872,586523,945524,3815275,1231451,198768,1168558,1277167,2655316,1421729,2845226,1055197,3304042,1996970,684452,607787,707777,4032752,,1980043,2379766,832238,5395762,2053974,2041578,913237,3711454,3328415,692652,3252052
2025-08-15,651606,299308,1853083,2885018,2723431,161640,749595,696813,10581129,1140265,382144,1114997,594401,,1274310,1736087,,374102,221230,1066940,2041891,270164,1652982,4449607,396364,5802770,628453,600540,782543,3023324,435199,6759798,1254435,646626,9501779,558976,273499,1621496,570388,693885,1128531,264794,865824,1381075,284187,328891,1348642,941044,1027408,1720872,586523,945524,3815275,1231451,198768,1168558,1277167,2655316,1421729,2845226,1055197,3304042,1996970,684452,607787,707777,4032752,,1980043,2379766,832238,5395762,2053974,2041578,913237,3711454,3328415,692652,3252052
2025-08-18,649707,298435,1847683,2876612,2715493,161172,747408,694779,10550295,1136944,381028,1111748,592673,,1270593,1731029,,373013,220582,1063826,2035942,269381,1648167,4436647,395212,5785859,626626,598785,780266,3014513,433930,6740097,1250781,644745,9474086,557347,272698,1616771,568723,691860,1125246,264020,863304,1377052,283359,327937,1344709,938299,1024411,1715859,584813,942770,3804160,1227860,198192,1165156,1273441,2647576,1417589,2836937,1052119,3294412,1991147,682454,606014,705716,4020998,,1974274,2372836,829808,5380039,2047989,2035629,910573,3700636,3318713,690636,3242575
2025-08-19,648652,297950,1844683,2871942,2711083,160912,746193,693649,10533160,1135094,380408,1109943,591708,,1268528,1728214,,372408,220222,1062096,2032632,268946,1645492,4429442,394572,5776459,625606,597810,778996,3009618,433225,6729147,1248751,643700,9458691,556442,272253,1614146,567798,690735,1123416,263590,861904,1374817,282899,327402,1342524,936774,1022746,1713074,583858,941240,3797980,1225865,197872,1163266,1271371,2643276,1415284,2832327,1050409,3289062,1987912,681344,605029,704571,4014463,,1971069,2368981,828458,5371299,2044664,2032324,909093,3694621,3313318,689516,3237310
2025-08-20,646331,296883,1838083,2861668,2701381,160340,743520,691163,10495452,1131024,379044,1105972,589585,,1263985,1722021,,371077,219430,1058290,2025350,267978,1639607,4413591,393164,5755768,623362,595665,776202,2998838,431674,6705057,1244285,641401,9424811,554451,271274,1608360,565763,688260,1119390,262644,858813,1369900,281887,326225,1337717,933419,1019083,1706947,581757,937874,3784384,1221476,197168,1159097,1266817,2633805,1410213,2822185,1046647,3277281,1980795,678902,602862,702052,4000086,,1964007,2360500,825488,5352071,2037338,2025053,905837,3681388,3301449,687041,3225716
2025-08-21,644854,296204,1833883,2855130,2695207,159976,741819,689581,10471449,1128434,378176,1103445,588234,,1261094,1718080,,370230,218926,1055868,2020716,267362,1635862,4403504,392268,5742601,621934,594300,774424,2991978,430687,6689727,1241443,639938,9403251,553184,270651,1604678,564468,686685,1116828,262042,856846,1366771,281243,325476,1334658,931284,1016752,1703048,580420,935725,3775732,1218683,196720,1156444,1263919,2627778,1406986,2815731,1044253,3269784,1976266,677348,601483,700449,3990937,,1959513,2355103,823598,5339835,2032676,2020426,903765,3672967,3293896,685466,3218338
2025-08-22,649918,298532,1848283,2877546,2716375,161224,747651,695005,10553745,1137314,381152,1112109,592866,,1271006,1731592,,373134,220654,1064172,2036604,269474,1648702,4438088,395340,5787745,626830,598980,780520,3015498,434071,6742287,1251187,644954,9477171,557528,272787,1617302,568908,692085,1125612,264106,863590,1377499,283451,328044,1345146,938604,1024744,1716416,585004,943093,3805396,1228259,198256,1165540,1273855,2648442,1418050,2837859,1052461,3295488,1991794,682676,606211,705945,4022305,,1974921,2373607,830078,5381787,2048660,2036290,910869,3701839,3319792,690866,3243634
2025-08-25,646964,297174,1839883,2864470,2704027,160496,744249,691841,10505739,1132134,379416,1107055,590164,,1265224,1723710,,371440,219646,1059328,2027336,268242,1641212,4417914,393548,5761411,623974,596250,776964,3001778,432097,6711627,1245503,642014,9434051,554994,271541,1609938,566318,688935,1120488,262902,859656,1371227,282163,326546,1339028,934334,1020082,1708618,582330,938795,3788092,1222673,197360,1160234,1268059,2636388,1411596,2824951,1047673,3280494,1982736,679568,603453,702739,4004007,,1965933,2362813,826298,5357315,2039336,2027022,906725,3684997,3304686,687716,3228878
2025-08-26,646964,297174,1839883,2864470,2704027,160496,744249,691841,10505739,1132134,379416,1107055,590164,,1265224,1723710,,371440,219646,1059328,2027336,268242,1641212,4417914,393548,5761411,623974,596250,776964,3001778,432097,6711627,1245503,642014,9434051,554994,271541,1609938,566318,688935,1120488,262902,859656,1371227,282163,326546,1339028,934334,1020082,1708618,582330,938795,3788092,1222673,197360,1160234,1268059,2636388,1411596,2824951,1047673,3280494,1982736,679568,603453,702739,4004007,,1965933,2362813,826298,5357315,2039336,2027022,906725,3684997,3304686,687716,3228878
2025-08-27,646542,296980,1838683,2862602,2702263,160392,743763,691389,10498881,1131394,379168,1106333,589778,,1264398,1722584,,371198,219502,1058636,2026012,268066,1640140,4415030,393292,5757649,623566,595860,776456,2999818,431815,6707245,1244691,641594,9427891,554632,271363,1608886,565948,688485,1119756,262730,859094,1370331,281979,326332,1338154,933724,1019416,1707504,581948,938181,3785620,1221875,197232,1159476,1267231,2634666,1410674,2823107,1046989,3278352,1981442,679124,603059,702281,4001393,,1964649,2361271,825758,5353817,2038004,2025698,906133,3682591,3302528,687266,3226770
2025-08-28,646542,296980,1838683,2862602,2702263,160392,744263,691789,10502281,1132194,379168,1107033,589778,,1265198,1723684,,371398,219502,1058636,2027312,268066,1640140,4415030,393292,5761649,623566,595860,776456,3000618,431815,6709445,1244691,641594,9434391,554632,271363,1609986,565948,688485,1120056,262730,859094,1370731,282079,326332,1339054,933724,1020116,1707504,583748,938881,3786720,1221875,197232,1159476,1267631,2636466,1410674,2825007,1047289,3278352,1981442,679424,603059,702281,4004193,,1965149,2361971,825758,5355617,2038604,2025698,906133,3684891,3304828,687266,3227670
2025-08-29,646542,296980,1838683,2862602,2702263,160392,744263,691789,10502281,1132194,379168,1107033,589778,,1265198,1723684,,371398,219502,1058636,2027312,268066,1640140,4415030,393292,5761649,623566,595860,776456,3000618,431815,6709445,1244691,641594,9434391,554632,271363,1609986,565948,688485,1120056,262730,859094,1370731,282079,326332,1339054,933724,1020116,1707504,583748,938881,3786720,1221875,197232,1159476,1267631,2636466,1410674,2825007,1047289,3278352,1981442,679424,603059,702281,4004193,,1965149,2361971,825758,5355617,2038604,2025698,906133,3684891,3304828,687266,3227670
2025-09-02,646964,297174,1841502,2864489,2706346,160496,744749,692241,10513058,1132934,379416,1107774,590164,,1266024,1724810,,371640,219646,1059328,2028636,268242,1641212,4417914,393567,5765430,623974,596250,776964,3003978,432097,6716227,1245522,642514,9440570,554994,271541,1611038,566318,688935,1120788,262902,859656,1372227,282263,326946,1339928,934334,1020782,1708618,584130,939495,3790711,1222673,197360,1160234,1269159,2638188,1411596,2826870,1047973,3280494,1982736,680368,603453,702739,4006826,,1967333,2364413,826298,5360815,2040936,2027022,906725,3687297,3306986,687716,3231278
2025-09-03,647597,297465,1843305,2867297,2708998,160652,745478,692919,10523363,1134044,379788,1108860,590743,,1267266,1726502,,372003,219862,1060366,2030625,268506,1642820,4422246,393954,5771082,624586,596835,777726,3006921,432520,6722809,1246743,643144,9449828,555540,271808,1612619,566873,689610,1121886,263160,860499,1373571,282539,327267,1341242,935249,1021784,1710292,584703,940416,3794425,1223873,197552,1161371,1270404,2640774,1412982,2829642,1049002,3283710,1984680,681034,604044,703429,4010756,,1969262,2366732,827108,5366071,2042937,2029011,907616,3690912,3310229,688391,3234446
2025-09-04,646542,296980,1840295,2862617,2704578,160392,745263,692689,10512288,1133594,379168,1107050,589778,,1266596,1725682,,371898,219502,1058636,2029710,268066,1640140,4415026,393309,5768762,623566,595860,776456,3003616,431815,6715739,1244708,642094,9445798,554630,271363,1609984,565948,688485,1121256,262730,859094,1372031,282379,326732,1340652,933724,1021514,1707502,583748,940081,3790430,1221873,197232,1159476,1268329,2639864,1410672,2828222,1048387,3283845,1981440,679924,603059,703579,4004206,,1967147,2364267,825758,5360511,2040702,2025696,906131,3689387,3308724,687266,3230866
2025-09-05,646331,296883,1839694,2861681,2703694,160340,745020,692463,10508853,1133224,379044,1106688,589585,,1266182,1725118,,371777,219430,1058290,2029047,267978,1639604,4413582,393180,5766878,623362,595665,776202,3002635,431674,6713545,1244301,641884,9442712,554448,271274,1609457,565763,688260,1120890,262644,858813,1371583,282287,326625,1340214,933419,1021180,1706944,583557,939774,3789191,1221473,197168,1159097,1267914,2639002,1410210,2827298,1048044,3282772,1980792,679702,602862,703349,4002896,,1966504,2363494,825488,5358759,2040035,2025033,905834,3688182,3307643,687041,3229810
2025-09-08,646331,296883,1839694,2861681,2703694,160340,745020,692463,10508853,1133224,379044,1106688,589585,,1266182,1725118,,371777,219430,1058290,2029047,267978,1639604,4413582,393180,5766878,623362,595665,776202,3002635,431674,6713545,1244301,641884,9442712,554448,271274,1609457,565763,688260,1120890,262644,858813,1371583,282287,326625,1340214,933419,1021180,1706944,583557,939774,3789191,1221473,197168,1159097,1267914,2639002,1410210,2827298,1048044,3282772,1980792,679702,602862,703349,4002896,,1966504,2363494,825488,5358759,2040035,2025033,905834,3688182,3307643,687041,3229810
2025-09-09,648019,297659,1844510,2869169,2710766,160756,746964,694271,10536333,1136184,380036,1109584,591129,,1269494,1729630,,372753,220006,1061066,2034351,268682,1643900,4425134,394212,5781958,624994,597225,778234,3010491,432802,6731105,1247557,643564,9467400,555904,271986,1613673,567243,690060,1123818,263332,861061,1375167,283023,327481,1343718,935867,1023852,1711408,585085,942230,3799103,1224673,197680,1162129,1271234,2645898,1413906,2834690,1050788,3291356,1985976,681478,604438,705189,4013376,,1971648,2369678,827648,5372775,2045371,2030337,908210,3697822,3316291,688841,3238258
2025-09-10,648019,297659,1844510,2869169,2710766,160756,746964,694271,10536333,1136184,380036,1109584,591129,,1269494,1729630,,372753,220006,1061066,2034351,268682,1643900,4425134,394212,5781958,624994,597225,778234,3010491,432802,6731105,1247557,643564,9467400,555904,271986,1613673,567243,690060,1123818,263332,861061,1375167,283023,327481,1343718,935867,1023852,1711408,585085,942230,3799103,1224673,197680,1162129,1271234,2645898,1413906,2834690,1050788,3291356,1985976,681478,604438,705189,4013376,,1971648,2369678,827648,5372775,2045371,2030337,908210,3697822,3316291,688841,3238258
2025-09-11,654771,300763,1863774,2899121,2739054,162420,754740,701503,10646253,1148024,384004,1121168,597305,,1282742,1747678,,376657,222310,1072170,2055567,271498,1661084,4471342,398340,5842278,631522,603465,786362,3041915,437314,6801345,1260581,650284,9566152,561728,274834,1630537,573163,697260,1135530,266084,870053,1389503,285967,330905,1357734,945659,1034540,1729264,591197,952054,3838751,1237473,199728,1174257,1284514,2673482,1428690,2864258,1061764,3325692,2006712,688582,610742,712549,4055296,,1992224,2394414,836288,5428839,2066715,2051553,917714,3736382,3350883,696041,3272050
2025-09-12,655826,301248,1866784,2903801,2743474,162680,755955,702633,10663433,1149874,384624,1122978,598270,,1284812,1750498,,377267,222670,1073905,2058882,271938,1663769,4478562,398985,5851703,632542,604440,787632,3046825,438019,6812320,1262616,651334,9581582,562638,275279,1633172,574088,698385,1137360,266514,871458,1391743,286427,331440,1359924,947189,1036210,1732054,592152,953589,3844946,1239473,200048,1176152,1286589,2677792,1431000,2868878,1063479,3331057,2009952,689692,611727,713699,4061846,,1995439,2398279,837638,5437599,2070050,2054868,919199,3742407,3356288,697166,3277330
2025-09-15,654342,300569,1862570,2897249,2737286,162316,754247,701051,10639381,1147284,383756,1120444,596919,,1281914,1746550,,376413,222166,1071476,2054241,271322,1660010,4468447,398082,5838508,631114,603075,785854,3039951,437032,6796955,1259767,649864,9559973,561364,274656,1629483,572793,696810,1134798,265912,869491,1388607,285783,330691,1356858,945047,1033872,1728148,590815,951440,3836273,1236673,199600,1173499,1283684,2671751,1427766,2862410,1061078,3323546,2005409,688138,610348,712089,4052676,,1990938,2392868,835748,5425335,2065381,2050227,917120,3733965,3348721,695591,3269938
2025-09-16,648618,297950,1846316,2871977,2713418,160912,747659,694949,10546609,1137294,380408,1110670,591708,,1270736,1731322,,373119,220222,1062107,2036340,268946,1645511,4429432,394599,5787613,625606,597810,778996,3013437,433225,6737690,1248778,644194,9476624,556450,272253,1615254,567798,690735,1124916,263590,861904,1376484,283299,327802,1345032,936785,1024854,1713055,585658,943151,3802820,1225873,197872,1163266,1272479,2648450,1415292,2837462,1051817,3294575,1987886,682144,605029,705879,4017306,,1973577,2371997,828458,5378031,2047372,2032326,909101,3701403,3319534,689516,3241426
2025-09-17,647770,297562,1843908,2868233,2709882,160704,746683,694045,10532865,1135814,379912,1109222,590936,,1269080,1729066,,372631,219934,1060719,2033688,268594,1643363,4423652,394083,5780073,624790,597030,777980,3009509,432661,6728910,1247150,643354,9464276,555722,271897,1613146,567058,689835,1123452,263246,860780,1374688,282931,327374,1343280,935561,1023518,1710819,584894,941923,3797864,1224273,197616,1161750,1270819,2644998,1413444,2833766,1050445,3290283,1985290,681256,604241,704959,4012066,,1971005,2368905,827378,5371023,2044704,2029674,907913,3696579,3315210,688616,3237202
2025-09-18,650950,299017,1852938,2882273,2723142,161484,750343,697435,10584405,1141364,381772,1114652,593831,,1275290,1737526,,374461,221014,1065924,2043633,269914,1651418,4445327,396018,5808348,627850,599955,781790,3024239,434776,6761835,1253255,646504,9510581,558452,273232,1621051,569833,693210,1128942,264536,864995,1381423,284311,328979,1349850,940151,1028528,1719204,587759,946528,3816449,1230273,198576,1167435,1277044,2657943,1420374,2847626,1055590,3306378,1995025,684586,607196,708409,4031716,,1980650,2380500,831428,5397303,2054709,2039619,912368,3714669,3331425,691991,3253042
2025-09-19,645970,295409,1866152,2644493,2681986,160988,750831,693787,10500737,1129698,379118,1092762,589815,,1271318,1724748,225446,395319,221158,1054210,2029853,267588,1630078,4479341,385068,5778708,623356,594641,782298,2986181,432258,6740021,1249567,643422,9387289,558814,270308,1632513,566101,690560,1120470,262706,860855,1370715,283695,323989,1335720,931257,1021892,1703612,575333,942040,3807527,1225671,197604,1162891,1268270,2644063,1415394,2833870,1034464,3266002,1976211,677726,601888,703467,4028036,,1960226,2358934,825466,5339677,2039535,1821203,897352,3706181,3295069,683435,3196922
2025-09-22,645552,295217,1864942,2642779,2680248,160884,750345,693337,10493933,1128966,378872,1092054,589433,,1270494,1723630,225300,395063,221014,1053526,2028537,267414,1629022,4476439,384818,5774964,622952,594255,781792,2984247,431978,6735653,1248757,643006,9381207,558454,270132,1631455,565735,690112,1119744,262536,860297,1369827,283511,323779,1334854,930653,1021230,1702508,574961,941430,3805061,1224877,197476,1162137,1267448,2642349,1414476,2832034,1033794,3263886,1974931,677286,601498,703011,4025426,,1958956,2357406,824932,5336217,2038213,1820023,896770,3703779,3292935,682993,3194850
2025-09-23,645761,295313,1865547,2643636,2681117,160936,750588,693562,10497335,1129332,378995,1092408,589624,,1270906,1724189,225373,395191,221086,1053868,2029195,267501,1629550,4477890,384943,5776836,623154,594448,782045,2985214,432118,6737837,1249162,643214,9384248,558634,270220,1631984,565918,690336,1120107,262621,860576,1370271,283603,323884,1335287,930955,1021561,1703060,575147,941735,3806295,1225274,197540,1162514,1267859,2643206,1414935,2832952,1034129,3264944,1975571,677506,601693,703239,4026731,,1959591,2358170,825199,5337947,2038874,1820613,897061,3704980,3294003,683214,3195886
2025-09-24,645343,295121,1864337,2641922,2679379,160832,750102,693112,10490531,1128600,378749,1091700,589242,,1270082,1723071,225227,394935,220942,1053184,2027879,267327,1628494,4474988,384693,5773092,622750,594062,781539,2983280,431838,6733469,1248352,642798,9378166,558274,270044,1630926,565552,689888,1119381,262451,860018,1369383,283419,323674,1334421,930351,1020899,1701956,574775,941125,3803827,1224480,197412,1161760,1267037,2641492,1414017,2831116,1033459,3262828,1974291,677066,601303,702783,4024121,,1958321,2356642,824665,5334487,2037552,1819433,896479,3702578,3291867,682772,3193814
2025-09-25,645761,295313,1865547,2643636,2681117,160936,750588,693562,10497335,1129332,378995,1092408,589624,,1270906,1724189,225373,395191,221086,1053868,2029195,267501,1629550,4477890,384943,5776836,623154,594448,782045,2985214,432118,6737837,1249162,643214,9384248,558634,270220,1631984,565918,690336,1120107,262621,860576,1370271,283603,323884,1335287,930955,1021561,1703060,575147,941735,3806295,1225274,197540,1162514,1267859,2643206,1414935,2832952,1034129,3264944,1975571,677506,601693,703239,4026731,,1959591,2358170,825199,5337947,2038874,1820613,897061,3704980,3294003,683214,3195886
2025-09-26,648060,296369,1872202,2653063,2690676,161508,753261,696037,10534757,1133358,380348,1096302,591725,,1275438,1730338,226176,396599,221878,1057630,2036433,268458,1635358,4493851,386318,5797428,625376,596571,784828,2995851,433658,6761861,1253617,645502,9417699,560614,271188,1637803,567931,692800,1124100,263556,863645,1375155,284615,325039,1340050,934277,1025202,1709132,577193,945090,3819869,1229641,198244,1166661,1272380,2652633,1419984,2843050,1037814,3276582,1982611,679926,603838,705747,4041086,,1966576,2366574,828136,5356977,2046145,1827103,900262,3718191,3305751,685645,3207282
2025-09-29,646806,295793,1868572,2647921,2685462,161196,751803,694687,10514345,1131162,379610,1094178,590579,,1272966,1726984,225738,395831,221446,1055578,2032485,267936,1632190,4485145,385568,5786196,624164,595413,783310,2990049,432818,6748757,1251187,644254,9399453,559534,270660,1634629,566833,691456,1121922,263046,861971,1372491,284063,324409,1337452,932465,1023216,1705820,576077,943260,3812465,1227259,197860,1164399,1269914,2647491,1417230,2837542,1035804,3270234,1978771,678606,602668,704379,4033256,,1962766,2361990,826534,5346597,2042179,1823563,898516,3710985,3299343,684319,3201066
2025-09-30,648269,296465,1872807,2653920,2691545,161560,753504,696262,10538159,1133724,380471,1096656,591916,,1275850,1730897,226249,396727,221950,1057972,2037091,268545,1635886,4495302,386443,5799300,625578,596764,785081,2996825,433798,6764045,1254022,645710,9420740,560794,271276,1638332,568114,693024,1124463,263641,863924,1375599,284707,325144,1340483,934579,1025533,1709684,577379,945395,3821103,1230038,198308,1167038,1272791,2653490,1420443,2843968,1038149,3277640,1983251,680146,604033,705975,4042391,,1967211,2367338,828403,5358707,2046806,1827693,900553,3719392,3306819,685866,3208318
2025-10-01,648896,296753,1874622,2656491,2694152,161716,754233,696937,10548368,1134822,380840,1097718,592489,,1277086,1732574,226468,397111,222166,1058998,2039065,268806,1637470,4499658,386818,5804919,626184,597343,785840,2999729,434218,6770597,1255237,646337,9429866,561334,271540,1639919,568663,693696,1125552,263896,864761,1376931,284983,325459,1341782,935485,1026526,1711340,577937,946310,3824805,1231229,198500,1168169,1274024,2656061,1421820,2846722,1039154,3280814,1985171,680806,604618,706659,4046306,,1969116,2369630,829204,5363897,2048789,1829463,901426,3722995,3310023,686529,3211426
2025-10-02,648896,296753,1874622,2656491,2694152,161716,754233,696937,10548368,1134822,380840,1097718,592489,,1277086,1732574,226468,397111,222166,1058998,2039065,268806,1637470,4499658,386818,5804919,626184,597343,785840,2999729,434218,6770597,1255237,646337,9429866,561334,271540,1639919,568663,693696,1125552,263896,864761,1376931,284983,325459,1341782,935485,1026526,1711340,577937,946310,3824805,1231229,198500,1168169,1274024,2656061,1421820,2846722,1039154,3280814,1985171,680806,604618,706659,4046306,,1969116,2369630,829204,5363897,2048789,1829463,901426,3722995,3310023,686529,3211426
2025-10-03,649523,297041,1876437,2659062,2696759,161872,754962,697612,10558577,1135920,381209,1098780,593062,,1278322,1734251,226687,397495,222382,1060024,2041039,269067,1639054,4504014,387193,5810538,626790,597922,786599,3002633,434638,6777149,1256452,646964,9438992,561874,271804,1641506,569212,694368,1126641,264151,865598,1378263,285259,325774,1343081,936391,1027519,1712996,578495,947225,3828507,1232420,198692,1169300,1275257,2658632,1423197,2849476,1040159,3283988,1987091,681466,605203,707343,4050221,,1971021,2371922,830008,5369087,2050772,1831233,902299,3726598,3313227,687192,3214534
2025-10-06,648269,296465,1872807,2653920,2691545,161560,753504,696262,10538159,1133724,380471,1096656,591916,,1275850,1730897,226249,396727,221950,1057972,2037091,268545,1635886,4495302,386443,5799300,625578,596764,785081,2996825,433798,6764045,1254022,645710,9420740,560794,271276,1638332,568114,693024,1124463,263641,863924,1375599,284707,325144,1340483,934579,1025533,1709684,577379,945395,3821103,1230038,198308,1167038,1272791,2653490,1420443,2843968,1038149,3277640,1983251,680146,604033,705975,4042391,,1967211,2367338,828400,5358707,2046806,1827693,900553,3719392,3306819,685866,3208318
2025-10-07,645970,295409,1866152,2644493,2681986,160988,750831,693787,10500726,1129698,379118,1092762,589815,,1271318,1724748,225446,395319,221158,1054210,2029853,267588,1630078,4479330,385068,5778697,623356,594641,782298,2986177,432258,6740021,1249567,643411,9387278,558814,270308,1632513,566101,690560,1120470,262706,860855,1370715,283695,323989,1335720,931257,1021892,1703612,575333,942040,3807529,1225671,197604,1162891,1268270,2644063,1415394,2833870,1034464,3266002,1976211,677726,601888,703467,4028036,,1960226,2358934,825452,5339677,2039535,1821203,897352,3706181,3295071,683435,3196922
2025-10-08,647015,295889,1869177,2648778,2686331,161248,752046,694912,10517741,1131528,379733,1094532,590770,,1273378,1727543,225811,395959,221518,1055920,2033143,268023,1632718,4486590,385693,5788062,624366,595606,783563,2991017,432958,6750941,1251592,644456,9402488,559714,270748,1635158,567016,691680,1122285,263131,862250,1372935,284155,324514,1337885,932767,1023547,1706372,576263,943565,3813699,1227656,197924,1164776,1270325,2648348,1417689,2838460,1036139,3271292,1979411,678826,602863,704607,4034561,,1963401,2362754,826787,5348327,2042840,1824153,898807,3712186,3300411,684540,3202102
2025-10-09,645134,295025,1865232,2641065,2680210,160780,749859,692887,10492814,1128234,378626,1091346,589051,,1270470,1722512,225154,394807,221570,1052842,2028621,267240,1627966,4473522,384568,5771205,622548,593869,781286,2984105,431698,6734285,1247947,643075,9375110,558094,269956,1630397,565369,689664,1119618,262366,859739,1369639,283327,323569,1333988,930049,1020568,1701404,574589,940820,3804393,1224083,197348,1161383,1267426,2640635,1413558,2832098,1033724,3261770,1973651,676846,601108,702555,4022816,,1958686,2357078,824384,5334957,2038291,1818843,896188,3701377,3290799,682551,3194478
2025-10-10,639282,292337,1848292,2617069,2655878,159324,743055,686587,10397530,1117986,375182,1081434,583703,,1258934,1706860,223110,391223,219554,1043266,2010197,264804,1613182,4432866,381068,5718761,616892,588465,774202,2957001,427778,6673133,1236607,637223,9289934,553054,267492,1615585,560245,683392,1109454,259986,851927,1357207,280751,320629,1321864,921593,1011300,1685948,569381,932280,3769841,1212967,195556,1150827,1255918,2616639,1400706,2806394,1024344,3232146,1955731,670686,595648,696171,3986276,,1940906,2335686,816908,5286517,2019783,1802323,888040,3667749,3260895,676363,3165470
2025-10-13,640745,293009,1852527,2623068,2661961,159688,744756,688162,10421351,1120548,376043,1083912,585040,,1261818,1710773,223621,392119,220058,1045660,2014803,265413,1616878,4443030,381943,5731872,618306,589816,775973,2963777,428758,6688421,1239442,638686,9311228,554314,268108,1619288,561526,684960,1111995,260581,853880,1360315,281395,321364,1324895,923707,1013617,1689812,570683,934415,3778479,1215746,196004,1153466,1258795,2622638,1403919,2812820,1026689,3239552,1960211,672226,597013,697767,3995411,,1945351,2341041,818784,5298634,2024410,1806453,890077,3676156,3268371,677910,3172722
2025-10-14,643671,294353,1860997,2635066,2674127,160416,748158,691312,10468993,1125672,377765,1088868,587714,,1267586,1718599,224643,393911,221066,1050448,2024015,266631,1624270,4463358,383693,5758094,621134,592518,779515,2977329,430718,6718997,1245112,641612,9353816,556834,269340,1626694,564088,688096,1117077,261771,857786,1366531,282683,322834,1330957,927935,1018251,1697540,573287,938685,3795755,1221304,196900,1158744,1264549,2634636,1410345,2825672,1031379,3254364,1969171,675306,599743,700959,4013681,,1954241,2351751,822536,5322868,2033664,1814713,894151,3692970,3283323,681004,3187226
2025-10-15,641581,293393,1854947,2626496,2665437,159896,745728,689062,10434963,1122012,376535,1085328,585804,,1263466,1713009,223913,392631,220346,1047028,2017435,265761,1618990,4448838,382443,5739364,619114,590588,776985,2967649,429318,6697157,1241062,639522,9323396,555034,268460,1621404,562258,685856,1113447,260921,854996,1362091,281763,321784,1326627,924915,1014941,1692020,571427,935635,3783415,1217334,196260,1154974,1260439,2626066,1405755,2816492,1028029,3243784,1962771,673106,597793,698679,4000631,,1947891,2344101,819856,5305558,2027054,1808813,891241,3680960,3272643,678794,3176866
2025-10-16,642417,293777,1857367,2629924,2668913,160104,746700,689962,10448575,1123476,377027,1086744,586568,,1265114,1715245,224205,393143,220634,1048396,2020067,266109,1621102,4454646,382943,5746856,619922,591360,777997,2971521,429878,6705893,1242682,640358,9335564,555754,268812,1623520,562990,686752,1114899,261261,856112,1363867,282131,322204,1328359,926123,1016265,1694228,572171,936855,3788351,1218922,196516,1156482,1262083,2629494,1407591,2820164,1029369,3248016,1965331,673986,598573,699591,4005851,,1950431,2347161,820928,5312482,2029698,1811173,892405,3685764,3276915,679678,3181010
2025-10-17,640954,293105,1853132,2623925,2662830,159740,744999,688387,10424754,1120914,376166,1084266,585231,,1262230,1711332,223694,392247,220130,1046002,2015461,265500,1617406,4444482,382068,5733745,618508,590009,776226,2964745,428898,6690605,1239847,638895,9314270,554494,268196,1619817,561709,685184,1112358,260666,854159,1360759,281487,321469,1325328,924009,1013948,1690364,570869,934720,3779713,1216143,196068,1153843,1259206,2623495,1404378,2813738,1027024,3240603,1960851,672446,597208,697995,3996716,,1945986,2341806,819052,5300365,2025071,1807043,890368,3677357,3269439,678131,3173758
2025-10-20,643462,294257,1860392,2634209,2673258,160364,747915,691687,10469490,1126306,377642,1088514,587523,,1267174,1719640,224570,393783,220994,1050106,2023357,266544,1623742,4461906,383568,5756221,620932,592325,779262,2976361,430578,6719913,1244707,641403,9359274,556654,269252,1626165,563905,687872,1116714,261686,857507,1366687,282891,323029,1331724,927633,1017920,1696988,573101,939280,3796121,1220907,196836,1158367,1264138,2633779,1409886,2824754,1031044,3253311,1968531,675686,599548,700731,4012376,,1954406,2350986,822268,5322337,2033003,1814123,893860,3695169,3285255,680783,3187390
2025-10-21,655584,299825,1895482,2683915,2723660,163380,762009,704737,10666922,1147534,384776,1109046,598601,,1291070,1752062,228804,401207,225170,1069942,2061521,271590,1654366,4546122,390818,5864855,632648,603519,793936,3032505,438698,6846643,1268197,653525,9535768,567094,274356,1656847,574577,700864,1137768,266616,873689,1392439,288227,329119,1356838,945149,1037118,1729004,583889,956970,3867693,1243933,200548,1180233,1287976,2683485,1436508,2878056,1050474,3314733,2005709,688446,610858,713955,4088124,,1991236,2395356,837812,5422735,2071341,1848343,910738,3764827,3347199,693659,3247478
2025-10-22,652867,298577,1887617,2672774,2712363,162704,758850,701812,10622670,1142776,383177,1104444,596118,,1285714,1744795,227855,399543,224234,1065496,2052967,270459,1647502,4527246,389193,5840506,630022,601010,790647,3019921,436878,6818238,1262932,650808,9496209,564754,273212,1649970,572185,697952,1133049,265511,870062,1386667,287031,327754,1351209,941223,1032815,1721828,581471,953005,3851651,1238772,199716,1175332,1282633,2672344,1430541,2866109,1046119,3300966,1997376,685586,608323,710991,4071146,,1982981,2385411,834328,5400232,2062748,1840673,906955,3749214,3333315,690773,3234010
2025-10-23,656002,300017,1896692,2685629,2725398,163484,762495,705187,10673730,1148266,385022,1109754,598983,,1291894,1753180,228950,401463,225314,1070626,2062837,271764,1655422,4549026,391068,5868601,633052,603905,794442,3034441,438978,6851013,1269007,653943,9541854,567454,274532,1657905,574945,701312,1138494,266786,874247,1393327,288411,329329,1357704,945753,1037780,1730108,584261,957580,3870161,1244727,200676,1180987,1288798,2685199,1437426,2879894,1051144,3316851,2006991,688886,611248,714411,4090736,,1992506,2396886,838348,5426197,2072663,1849523,911320,3767229,3349335,694103,3249550
2025-10-24,657838,300401,1899112,2689057,2728874,163692,763467,706087,10687346,1149730,385514,1112470,599747,,1293542,1755416,229242,402375,225602,1071994,2065469,272112,1659734,4560434,391568,5882893,634760,604677,795454,3039413,439538,6859753,1270627,654779,9554026,568174,274884,1662121,576381,702208,1140446,267126,876463,1395103,288779,329749,1359436,946961,1040304,1732316,585005,958800,3875097,1247915,200932,1183895,1290842,2691727,1439262,2883570,1052984,3325187,2012055,689766,612028,716323,4100760,,1995046,2400946,839420,5434621,2075307,1854383,912484,3772033,3353607,694991,3253694
2025-10-27,657002,300017,1896692,2685629,2725398,163484,762495,705187,10673730,1148266,385022,1111054,598983,,1291894,1753180,228950,401863,225314,1070626,2062837,271764,1657622,4554626,391068,5875401,633952,603905,794442,3035541,438978,6851013,1269007,653943,9541854,567454,274532,1660005,575645,701312,1138994,266786,875347,1393327,288411,329329,1357704,945753,1038980,1730108,584261,957580,3870161,1246327,200676,1182387,1289198,2688299,1437426,2879894,1051644,3320951,2009491,688886,611248,715411,4095536,,1992506,2397886,838348,5427697,2072663,1852023,911320,3767229,3349335,694103,3249550
2025-10-28,656375,299729,1894877,2683058,2722791,163328,761766,704512,10663518,1147168,384653,1109992,598410,,1290658,1751503,228731,401479,225098,1069600,2060863,271503,1656038,4550270,390693,5869782,633346,603326,793683,3032637,438558,6844458,1267792,653316,9532725,566914,274268,1658418,575093,700640,1137905,266531,874510,1391995,288135,329014,1356405,944847,1037987,1728452,583703,956665,3866459,1245136,200484,1181256,1287965,2685728,1436049,2877137,1050639,3317774,2007568,688226,610663,714727,4091618,,1990601,2395591,837544,5422504,2070680,1850253,910447,3763626,3346131,693437,3246442
2025-10-29,656166,299633,1894272,2682201,2721922,163276,761523,704287,10660114,1146802,384530,1109638,598219,,1290246,1750944,228658,401351,225026,1069258,2060205,271416,1655510,4548818,390568,5867909,633144,603133,793430,3031669,438418,6842273,1267387,653107,9529682,566734,274180,1657889,574909,700416,1137542,266446,874231,1391551,288043,328909,1355972,944545,1037656,1727900,583516,956360,3865225,1244739,200420,1180879,1287554,2684871,1435590,2876218,1050304,3316715,2006927,688006,610468,714499,4090312,,1989966,2394826,837276,5420773,2070019,1849663,910156,3762425,3345063,693215,3245406
2025-10-30,656793,299921,1899287,2691572,2729729,163832,763652,706162,10687626,1149800,385799,1112200,600292,,1293882,1755421,229377,402335,225542,1072984,2065979,272377,1659094,4559074,391943,5881528,634450,605212,794189,3039273,439938,6859928,1271802,654834,9554211,567274,275144,1661576,576261,702788,1140331,267301,876168,1395083,288819,329724,1359471,947851,1040049,1733956,584077,958875,3875227,1247430,200612,1183610,1290787,2691142,1440567,2884275,1052909,3324092,2011450,689766,612653,715983,4099730,,1995171,2400921,840180,5434666,2075802,1853633,913329,3772128,3353667,695581,3253814
2025-10-31,656793,299921,1899287,2691572,2729729,163832,763652,706162,10687626,1149800,385799,1112200,600292,,1293882,1755421,229377,402335,225542,1072984,2065979,272377,1659094,4559074,391943,5881528,634450,605212,794189,3039273,439938,6859928,1271802,654834,9554211,567274,275144,1661576,576261,702788,1140331,267301,876168,1395083,288819,329724,1359471,947851,1040049,1733956,584077,958875,3875227,1247430,200612,1183610,1290787,2691142,1440567,2884275,1052909,3324092,2011450,689766,612653,715983,4099730,,1995171,2400921,840180,5434666,2075802,1853633,913329,3772128,3353667,695581,3253814
2025-11-03,654063,298673,1891409,2680405,2718406,163156,760480,703237,10643296,1145029,384200,1107585,597796,,1288513,1748141,228428,400671,224606,1068538,2057412,271246,1652217,4540172,390318,5857140,631824,602703,790900,3026663,438118,6831471,1266524,652117,9514587,564921,274000,1654686,573869,699876,1135599,266196,872528,1389298,287623,328359,1353829,943925,1035733,1726767,581646,954897,3859159,1242256,199780,1178696,1285431,2679975,1434587,2872315,1048541,3310299,2003104,686906,610118,713019,4082726,,1986890,2390963,836696,5412124,2067196,1845950,909546,3756489,3339757,692695,3240320
2025-11-04,654063,298673,1891409,2680405,2718406,163156,760480,703237,10643296,1145029,384200,1107585,597796,,1288513,1748141,228428,400671,224606,1068538,2057412,271246,1652217,4540172,390318,5857140,631824,602703,790900,3026663,438118,6831471,1266524,652117,9514587,564921,274000,1654686,573869,699876,1135599,266196,872528,1389298,287623,328359,1353829,943925,1035733,1726767,581646,954897,3859159,1242256,199780,1178696,1285431,2679975,1434587,2872315,1048541,3310299,2003104,686906,610118,713019,4082726,,1986890,2390963,836696,5412124,2067196,1845950,909546,3756489,3339757,692695,3240320
2025-11-05,653643,298481,1890197,2678687,2716664,163052,759992,702787,10636476,1144295,383954,1106875,597412,,1287687,1747021,228282,400415,224462,1067854,2056094,271072,1651159,4537264,390068,5853388,631420,602317,790394,3024723,437838,6827093,1265712,651699,9508491,564559,273824,1653626,573501,699428,1134871,266026,871968,1388408,287439,328149,1352961,943321,1035069,1725661,581272,954285,3856687,1241460,199652,1177940,1284607,2678257,1433667,2870475,1047869,3308177,2001820,686466,609728,712563,4080110,,1985616,2389431,836160,5408656,2065872,1844768,908964,3754083,3337617,692251,3238244
2025-11-06,653853,298577,1890803,2679546,2717535,163104,760236,703012,10639886,1144662,384077,1107230,597604,,1288100,1747581,228355,400543,224534,1068196,2056753,271159,1651688,4538718,390193,5855264,631622,602510,790647,3025693,437978,6829282,1266118,651908,9511539,564740,273912,1654156,573685,699652,1135235,266111,872248,1388853,287531,328254,1353395,943623,1035401,1726214,581459,954591,3857923,1241858,199716,1178318,1285019,2679116,1434127,2871395,1048205,3309237,2002462,686686,609923,712791,4081418,,1986253,2390197,836428,5410390,2066534,1845359,909255,3755286,3338687,692473,3239282
2025-11-07,655113,299153,1894439,2684700,2722761,163416,761700,704362,10660346,1146864,384815,1109360,598756,,1290578,1750941,228793,401311,224966,1070248,2060707,271681,1654862,4547442,390943,5866520,632834,603668,792165,3031513,438818,6842416,1268554,653162,9529827,565826,274440,1657336,574789,700996,1137419,266621,873928,1391523,288083,328884,1355999,945435,1037393,1729532,582581,956427,3865339,1244246,200100,1180586,1287491,2684270,1436887,2876915,1050221,3315597,2006314,688006,611093,714159,4089266,,1990075,2394793,838036,5420794,2070506,1848905,911001,3762504,3345107,693805,3245510
2025-11-10,653013,298193,1888379,2676110,2714051,162896,759260,702112,10626246,1143194,383585,1105810,596836,,1286448,1745341,228063,400031,224246,1066828,2054117,270811,1649572,4532892,389693,5847750,630814,601738,789635,3021813,437418,6820526,1264494,651072,9499347,564016,273560,1652036,572949,698756,1133779,265771,871128,1387073,287163,327834,1351659,942415,1034073,1724002,580711,953367,3852979,1240266,199460,1176806,1283371,2675680,1432287,2867715,1046861,3304987,1999894,685806,609143,711879,4076186,,1983705,2387133,835356,5403454,2063886,1842995,908091,3750464,3334407,691585,3235130
2025-11-11,652593,298001,1887167,2674392,2712309,162792,758772,701662,10619424,1142460,383339,1105100,596452,,1285622,1744221,227917,399775,224102,1066144,2052799,270637,1648514,4529982,389443,5843996,630410,601352,789129,3019873,437138,6816148,1263682,650654,9493249,563654,273384,1650976,572581,698308,1133051,265601,870568,1386183,286979,327624,1350791,941811,1033409,1722896,580337,952755,3850505,1239470,199332,1176050,1282547,2673962,1431367,2865875,1046189,3302865,1998610,685366,608753,711421,4073570,,1982431,2385601,834820,5399986,2062562,1841811,907509,3748056,3332267,691141,3233054
2025-11-12,656193,300561,1893227,2682982,2722419,163312,761212,703912,10657634,1146130,384569,1108650,598372,,1290472,1749821,228647,401055,224822,1069564,2060489,271507,1653804,4544532,390693,5862766,632430,603282,791659,3030973,438538,6840538,1267742,653064,9523739,565464,274264,1656276,574421,700548,1137331,266451,873368,1391233,287899,328674,1355131,944831,1036729,1728426,585707,955815,3864575,1243450,200892,1179830,1287307,2682552,1435967,2875075,1050109,3313475,2005030,687566,610713,713711,4086650,,1989601,2394101,837500,5419166,2070222,1847731,910419,3760096,3344867,693361,3244934
2025-11-13,659553,302097,1902923,2696726,2736355,164144,765116,707512,10712210,1152002,386537,1114330,601444,,1297080,1758781,229815,403103,225974,1075036,2071033,272899,1662268,4567812,392693,5892798,635662,606370,795707,3046493,440778,6875562,1274238,656408,9572523,568360,275672,1664756,577365,704132,1143155,267811,877848,1398353,289371,330354,1362075,949663,1042041,1737274,588699,960711,3884367,1249818,201916,1185878,1293899,2696296,1482327,2889795,1055485,3330451,2015302,691086,613849,717375,4107578,,1999793,2406357,841788,5446910,2080814,1857203,915075,3779360,3361987,696913,3261542
2025-11-14,655983,300465,1892621,2682123,2721548,163260,760968,703687,10654240,1145763,384446,1108295,598180,,1290059,1749261,228574,400927,224750,1069222,2059830,271420,1653275,4543077,390568,5860889,632228,603089,791406,3030003,438398,6838349,1267336,652855,9520690,565283,274176,1655746,574237,700324,1136967,266366,873088,1390788,287807,328569,1354697,944529,1036397,1727873,585520,955509,3863338,1243052,200828,1179452,1286895,2681693,1474167,2874155,1049773,3312414,2004388,687346,610534,713499,4085342,,1988964,2393335,837232,5417432,2069560,1847156,910128,3758892,3343797,693139,3243896
2025-11-17,656403,300657,1893833,2683841,2723290,163364,761456,704137,10661060,1146497,384692,1109005,598564,,1290885,1750381,228720,401183,224894,1069906,2061148,271594,1654333,4545987,390818,5864643,632632,603475,791912,3031943,438678,6842727,1268148,653273,9526788,565645,274352,1656806,574605,700772,1137695,266536,873648,1391678,287991,328779,1355565,945133,1037061,1728979,585894,956121,3865812,1243848,200956,1180208,1287719,2683411,1495127,2875995,1050445,3314536,2005672,687786,610924,713955,4087958,,1990238,2394867,837768,5420900,2070884,1848338,910710,3761300,3345937,693583,3245972
2025-11-18,653253,299217,1884743,2670956,2710225,162584,757796,700762,10609880,1140992,382847,1103680,595684,,1284690,1741981,227625,399263,223814,1064761,2051248,270289,1646383,4524162,388943,5836473,629587,600580,788117,3017393,436578,6809877,1262058,650138,9481038,562930,273032,1648856,571845,697412,1132235,265261,869448,1385003,286611,327204,1349055,940588,1032081,1720669,583089,951531,3847257,1237878,199996,1174538,1281539,2670526,1487927,2862180,1045405,3298621,1996042,684486,607984,710520,4068323,,1980683,2383377,833748,5394875,2060939,1839458,906330,3743240,3329872,690253,3230387
2025-11-19,650313,297873,1876245,2658916,2698017,161856,754380,697612,10562098,1135854,381125,1098710,592996,,1278908,1734127,226603,397471,222806,1059959,2042008,269071,1638963,4503778,387193,5810181,626745,597878,784575,3003799,434618,6779203,1256374,647212,9438324,560396,271800,1641422,569269,694276,1127139,264071,865528,1378759,285323,325734,1342979,936346,1027433,1712913,580471,947247,3829939,1232306,199100,1169246,1275771,2658500,1481207,2849286,1040701,3283753,1987054,681406,605240,707314,4049997,,1971765,2372639,829996,5370585,2051657,1831170,902242,3726370,3314878,687145,3215841
2025-11-20,653043,299121,1884136,2670096,2709353,162532,757552,700537,10606467,1140625,382724,1103325,595492,,1284277,1741420,227552,399135,223742,1064418,2050588,270202,1645853,4522706,388818,5834595,629384,600387,787864,3016422,436438,6807686,1261652,649929,9477987,562749,272944,1648325,571661,697188,1131871,265176,869168,1384557,286519,327099,1348621,940285,1031749,1720115,582902,951225,3846020,1237480,199932,1174160,1281127,2669667,1487447,2861259,1045069,3297559,1995400,684266,607788,710291,4067014,,1980046,2382610,833480,5393140,2060276,1838866,906038,3742035,3328801,690031,3229348
2025-11-21,657453,301137,1896883,2688135,2727665,163624,762676,705262,10678140,1148332,385307,1110780,599524,,1292950,1753201,229085,401823,225254,1071621,2064448,272029,1656983,4553282,391443,5874033,633647,604440,793177,3036813,439378,6853697,1270178,654318,9542058,566550,274792,1659476,575525,701892,1139515,266961,875048,1393923,288451,329304,1357735,946648,1038721,1731749,586829,957651,3871997,1245838,201276,1182098,1289779,2687706,1497527,2880600,1052125,3319861,2008882,688886,611904,715100,4094503,,1993423,2398717,839108,5429575,2074199,1851298,912170,3767340,3351292,694693,3251167
2025-11-24,658293,301521,1899311,2691571,2731153,163832,763652,706162,10691792,1149800,385799,1112200,600292,,1294602,1755445,229377,402335,225542,1072993,2067088,272377,1659103,4559106,391943,5881545,634459,605212,794189,3040697,439938,6862461,1271802,655154,9554262,567274,275144,1661600,576261,702788,1140971,267301,876168,1395707,288819,329724,1359471,947860,1040049,1733965,587577,958875,3876945,1247430,201532,1183610,1291427,2691142,1499447,2884284,1053469,3324109,2011450,689766,612688,716016,4099739,,1995971,2401785,840180,5436515,2076851,1853666,913338,3772160,3355576,695581,3255323
2025-11-25,660393,302481,1905381,2700171,2739873,164352,766092,708422,10725932,1153470,387029,1115750,602212,,1298732,1761055,230107,403625,226262,1076423,2073688,273247,1664403,4573666,393193,5900335,636489,607142,796719,3050407,441348,6884371,1275862,657244,9584782,569084,276024,1666910,578101,705028,1144611,268151,878968,1400167,289739,330774,1363811,950890,1043369,1739505,589447,961935,3889325,1251410,202172,1187390,1295547,2699742,1504247,2893494,1056829,3334729,2017870,691966,614648,718306,4112839,,2002341,2409455,842860,5453875,2083481,1859586,916258,3784210,3366286,697801,3265713
2025-11-26,662913,303633,1912665,2710491,2750337,164976,769020,711134,10766900,1157874,388505,1120010,604516,,1303688,1767787,230983,405173,227126,1080539,2081608,274291,1670763,4591138,394693,5922883,638925,609458,799755,3062059,443040,6910663,1280734,659752,9621406,571256,277080,1673282,580309,707716,1148979,269171,882328,1405519,290843,332034,1369019,954526,1047353,1746153,591691,965607,3904181,1256186,202940,1191926,1300491,2710062,1510007,2904546,1060861,3347473,2025574,694606,617000,721054,4128559,,2009985,2418659,846076,5474707,2091437,1866690,919762,3798670,3379138,700465,3278181
2025-11-28,662493,303441,1911451,2708771,2748593,164872,768532,710682,10760072,1157140,388259,1119300,604132,,1302862,1766665,230837,404915,226982,1079853,2080288,274117,1669703,4588226,394443,5919125,638519,609072,799249,3060117,442758,6906281,1279922,659334,9615302,570894,276904,1672220,579941,707268,1148251,269001,881768,1404627,290659,331824,1368151,953920,1046689,1745045,591317,964995,3901705,1255390,202812,1191170,1299667,2708342,1509047,2902704,1060189,3345349,2024288,694166,616608,720596,4125939,,2008711,2417125,845540,5471235,2090111,1865506,919178,3796260,3376996,700021,3276103
2025-12-01,670473,307089,1934517,2741451,2781729,166848,777804,719270,10889804,1171086,392933,1132790,611428,,1318556,1787983,233611,409817,229718,1092887,2105368,277423,1689843,4643554,399193,5990527,646233,616406,808863,3097015,448116,6989539,1295350,667276,9731278,577772,280248,1692398,586933,715780,1162083,272231,892408,1421575,294155,335814,1384643,965434,1059305,1766097,598423,976623,3948749,1270514,205244,1205534,1315323,2741022,1527287,2937702,1072957,3385705,2048684,702526,624056,729298,4175719,,2032917,2446271,855724,5537203,2115305,1888002,930274,3842050,3417694,708457,3315585
2025-12-02,671523,307569,1937552,2745751,2786089,167108,779024,720400,10906874,1172921,393548,1134565,612388,,1320621,1790788,233976,410462,230078,1094602,2108668,277858,1692493,4650834,399818,5999922,647248,617371,810128,3101870,448821,7000494,1297380,668321,9746538,578677,280688,1695053,587853,716905,1163903,272656,893808,1423805,294615,336339,1386813,966949,1060965,1768867,599358,978153,3954939,1272509,205564,1207424,1317383,2745322,1529692,2942307,1074637,3391015,2051899,703626,625036,730443,4182269,,2036102,2450106,857064,5545883,2118620,1890962,931734,3848075,3423049,709567,3320780
2025-12-03,673833,308625,1944229,2755211,2795681,167680,781708,722886,10944439,1176958,394901,1138470,614500,,1325164,1796959,234779,411881,230870,1098375,2115928,278815,1698323,4666861,401193,6020591,649481,619494,812911,3112551,450372,7024606,1301846,670620,9780121,580668,281656,1700894,589877,719380,1167907,273591,896888,1428711,295627,337494,1391587,970282,1064617,1774961,601415,981519,3968557,1276898,206268,1211582,1321915,2754782,1534983,2952449,1078333,3402697,2058972,706046,627192,732962,4196679,,2043120,2458543,860012,5564990,2125913,1897474,934946,3861330,3434841,712009,3332220
2025-12-04,675093,309201,1947871,2760371,2800913,167992,783172,724242,10964929,1179160,395639,1140600,615652,,1327642,1800325,235217,412655,231302,1100433,2119888,279337,1701503,4675603,401943,6031865,650699,620652,814429,3118377,451218,7037758,1304282,671874,9798439,581754,282184,1704080,590981,720730,1170091,274101,898568,1431387,296179,338124,1394191,972100,1066609,1778285,602537,983355,3975985,1279292,206652,1213850,1324387,2759942,1537869,2957981,1080349,3409069,2062830,707366,628368,734336,4204539,,2046948,2463145,861620,5575412,2129891,1901026,936698,3868560,3441273,713341,3338460
2025-12-05,677193,310161,1956541,2768971,2811733,168512,786692,727422,11007479,1184470,396869,1145850,617572,,1332812,1808435,235947,413945,232262,1103863,2127588,280207,1706803,4690173,403193,6059855,652729,622582,816959,3130387,452628,7065078,1308342,674524,9842469,583564,283064,1709390,593381,722980,1174651,274951,901368,1436927,297489,339734,1400451,975130,1071629,1783825,604407,987855,3991365,1283282,207292,1219530,1329547,2772442,1551079,2971201,1084549,3425089,2069260,710566,630328,736626,4222039,,2054968,2472695,864300,5597062,2138161,1906946,939618,3885810,3451993,715561,3351360
2025-12-08,675513,309393,1951685,2762091,2804757,168096,784740,725614,10980159,1181534,395885,1143010,616036,,1329508,1803947,235363,412913,231686,1101119,2122308,279511,1702563,4678517,402193,6044823,651105,621038,814935,3122619,451500,7047542,1305094,672852,9818045,582116,282360,1705142,591909,721180,1171739,274271,899128,1433359,296753,338894,1396979,972706,1068973,1779393,602911,985407,3981461,1280090,206780,1216506,1326251,2765562,1547231,2963825,1081861,3416593,2064116,708806,628760,734794,4211559,,2049864,2466559,862156,5583166,2132857,1902210,937282,3876170,3443417,713785,3343040
2025-12-09,677403,310257,1957148,2769831,2812614,168564,786936,727648,11010903,1184846,396992,1146214,617764,,1333234,1808996,236020,414074,232334,1104206,2128248,280294,1707333,4691630,403318,6061743,652932,622775,817221,3131358,452769,7067279,1308757,674733,9845531,583745,283152,1709921,593565,723205,1175024,275036,901648,1437373,297581,339839,1400894,975433,1071961,1784379,604594,988161,3992612,1283681,207356,1219908,1329968,2773302,1551560,2972123,1084894,3426160,2069903,710786,630524,736855,4223349,,2055606,2473462,864577,5598799,2138833,1907538,939910,3887024,3453065,715783,3352400
2025-12-10,678453,310737,1960183,2774131,2816979,168824,788156,728778,11027983,1186686,397607,1147994,618724,,1335304,1811801,236385,414719,232694,1105921,2131548,280729,1709983,4698915,403943,6071143,653947,623740,818491,3136213,453474,7078244,1310792,675778,9860801,584650,283592,1712576,594485,724330,1176849,275461,903048,1439603,298041,340364,1403069,976948,1073621,1787149,605529,989691,3998807,1285676,207676,1221798,1332033,2777602,1553965,2976733,1086579,3431475,2073118,711886,631504,738000,4229899,,2058796,2477297,865922,5607484,2142153,1910498,941370,3893054,3458425,716893,3357600
2025-12-11,685173,313809,1978307,2801651,2843315,170488,795404,736010,11130095,1198462,401543,1159386,624868,,1347752,1829753,238721,418847,234998,1116897,2152668,283513,1726943,4745539,407943,6131303,660443,629916,826619,3165485,457986,7144320,1323816,681986,9958529,590442,286408,1729568,600373,731530,1187609,278181,912008,1453075,300985,343724,1416989,986644,1084245,1804877,611513,999483,4155355,1298444,209724,1233894,1344369,2805122,1569357,3004337,1096563,3465491,2093694,718446,637776,745328,4271819,,2077972,2500521,874530,5660228,2161881,1929442,950714,3931646,3492729,723997,3388780
2025-12-12,685593,314001,1979521,2803371,2845059,170592,795892,736460,11136921,1199196,401789,1160096,625252,,1348578,1830875,238867,419103,235142,1117583,2153988,283687,1728003,4748451,408193,6135059,660849,630302,827125,3167427,458266,7148702,1324628,682404,9964631,590804,286584,1730630,600741,731978,1188337,278351,912568,1453967,301169,343934,1417857,987250,1084909,1805985,611887,1000095,4157905,1299240,209852,1234650,1345193,2806840,1570317,3006179,1097235,3467615,2094978,718886,638168,745786,4274437,,2079246,2502055,875066,5663698,2163207,1930626,951298,3934056,3494871,724441,3390858
2025-12-15,683283,312945,1972844,2793922,2835467,170020,793208,733985,11099378,1195159,400436,1156191,623140,,1344035,1824704,238064,417695,234350,1113810,2146728,282730,1722173,4732435,406818,6114401,658616,628179,824342,3156746,456726,7124601,1320162,680105,9931070,588813,285616,1724789,598717,729514,1184333,277416,909488,1449061,300157,342779,1413083,983917,1081257,1799891,609830,996729,4143880,1294862,209148,1230492,1340661,2797391,1565037,2996048,1093539,3455933,2087916,716466,636012,743267,4260038,,2072239,2493618,872118,5644613,2155914,1924114,948086,3920801,3483090,721999,3379429
2025-12-16,684543,313521,1976486,2799082,2840699,170332,794672,735341,11119856,1197361,401174,1158321,624292,,1346513,1828070,238502,418463,234782,1115868,2150688,283252,1725353,4741171,407568,6125669,659834,629337,825860,3162572,457572,7137747,1322598,681359,9949376,589899,286144,1727975,599821,730858,1186517,277926,911168,1451737,300709,343409,1415687,985735,1083249,1803215,610952,998565,4151530,1297250,209532,1232760,1343133,2802545,1567917,3001574,1095555,3462305,2091768,717786,637188,744641,4267892,,2076061,2498220,873726,5655029,2159892,1927666,949838,3928031,3489516,723331,3385663
2025-12-17,689163,315633,1989840,2818002,2859883,171476,800040,740313,11194964,1205435,403880,1166131,628516,,1355599,1840412,240108,421301,236366,1123414,2165208,285166,1737013,4773203,410318,6167007,664300,633583,831426,3183934,460674,7185949,1331530,685957,10016520,593881,288080,1739657,603869,735786,1194525,279796,917328,1461549,302733,345719,1425235,992401,1090553,1815403,615066,1005297,4179580,1306006,210940,1241076,1352197,2821465,1578477,3021836,1102947,3485669,2105892,722626,641500,749679,4296712,,2090075,2515094,879622,5693221,2174478,1940690,956262,3954541,3513078,728215,3408521
2025-12-18,686223,314289,1981342,2805962,2847675,170748,796624,737149,11147168,1200297,402158,1161161,625828,,1349817,1832558,239086,419495,235358,1118612,2155968,283948,1729593,4752819,408568,6140701,661458,630881,827884,3170340,458700,7155275,1325846,683031,9973792,591347,286848,1732223,601293,732650,1189429,278606,913408,1455305,301445,344249,1419159,988159,1085905,1807647,612448,1001013,4161730,1300434,210044,1235784,1346429,2809425,1571757,3008942,1098243,3470801,2096904,719546,638756,746473,4278372,,2081157,2504356,875870,5668917,2165196,1932402,952174,3937671,3498084,725107,3393975
2025-12-19,688953,315537,1989233,2817142,2859011,171424,799796,740087,11191550,1205068,403757,1165776,628324,,1355186,1839851,240035,421172,236294,1123071,2164548,285079,1736483,4771747,410193,6165128,664097,633390,831173,3182963,460533,7183758,1331124,685748,10013468,593700,287992,1739126,603685,735562,1194161,279711,917048,1461103,302641,345614,1424801,992098,1090221,1814849,614879,1004991,4178305,1305608,210876,1240698,1351785,2820605,1577997,3020915,1102611,3484607,2105250,722406,641304,749450,4295402,,2089438,2514327,879354,5691485,2173815,1940098,955970,3953336,3512007,727993,3407482
2025-12-22,682589,313321,1978853,2761118,2836279,170392,796128,736987,11093710,1198012,399645,1158992,623184,,1353642,1823779,239007,421688,233538,1108927,2146672,283747,1728495,4753959,401585,6129420,653457,630762,826985,3166935,461093,7158506,1325644,673732,9942120,590420,284940,1729338,599457,732258,1183889,277691,912764,1448595,300689,339710,1409485,982398,1074333,1695721,605319,998691,4180713,1299896,209492,1229102,1342265,2804133,1567013,2999483,1087179,3463139,2080694,716282,638184,744118,4226870,187908,2073694,2498579,873722,5631729,2159375,1919646,940918,3945560,3262895,715569,3389726
2025-12-23,685501,314651,1987295,2772892,2848375,171120,799516,740123,11141002,1203122,401353,1163934,625844,,1359410,1831549,240029,423480,234532,1113659,2155828,284951,1735859,4774231,403293,6155558,656243,633450,830513,3180431,463053,7189026,1331300,676602,9984512,592940,286158,1736716,602019,735380,1188943,278881,916656,1454769,301977,341152,1415491,986584,1078911,1702945,607895,1002947,4198535,1305440,210388,1234338,1347991,2816089,1573691,3012265,1091813,3477909,2089570,719334,640900,747296,4244888,188706,2082528,2509233,877446,5655739,2168587,1927836,944936,3962388,3276811,718621,3404174
2025-12-24,685501,314651,1987295,2772892,2848375,171120,799516,740123,11141002,1203122,401353,1163934,625844,,1359410,1831549,240029,423480,234532,1113659,2155828,284951,1735859,4774231,403293,6155558,656243,633450,830513,3180431,463053,7189026,1331300,676602,9984512,592940,286158,1736716,602019,735380,1188943,278881,916656,1454769,301977,341152,1415491,986584,1078911,1702945,607895,1002947,4198535,1305440,210388,1234338,1347991,2816089,1573691,3012265,1091813,3477909,2089570,719334,640900,747296,4244888,188706,2082528,2509233,877446,5655739,2168587,1927836,944936,3962388,3276811,718621,3404174
2025-12-26,683005,313511,1980059,2762800,2838007,170496,796612,737435,11100454,1198742,399889,1159698,623564,,1354466,1824889,239153,421944,233680,1109603,2147980,283919,1729547,4756855,401829,6133154,653855,631146,827489,3168863,461373,7162866,1326452,674142,9948176,590780,285114,1730392,599823,732704,1184611,277861,913320,1449477,300873,339916,1410343,982996,1074987,1696753,605687,999299,4183259,1300688,209620,1229850,1343083,2805841,1567967,3001309,1087841,3465249,2081962,716718,638572,744572,4229444,188022,2074944,2500101,874254,5635159,2160691,1920816,941492,3947964,3264883,716005,3391790
2025-12-29,683005,313511,1980059,2762800,2838007,170496,796612,737435,11100454,1198742,399889,1159698,623564,,1354466,1824889,239153,421944,233680,1109603,2147980,283919,1729547,4756855,401829,6133154,653855,631146,827489,3168863,461373,7162866,1326452,674142,9948176,590780,285114,1730392,599823,732704,1184611,277861,913320,1449477,300873,339916,1410343,982996,1074987,1696753,605687,999299,4183259,1300688,209620,1229850,1343083,2805841,1567967,3001309,1087841,3465249,2081962,716718,638572,744572,4229444,188022,2074944,2500101,874254,5635159,2160691,1920816,941492,3947964,3264883,716005,3391790
2025-12-30,683005,313511,1980059,2762800,2838007,170496,796612,737435,11100454,1198742,399889,1159698,623564,,1354466,1824889,239153,421944,233680,1109603,2147980,283919,1729547,4756855,401829,6133154,653855,631146,827489,3168863,461373,7162866,1326452,674142,9948176,590780,285114,1730392,599823,732704,1184611,277861,913320,1449477,300873,339916,1410343,982996,1074987,1696753,605687,999299,4183259,1300688,209620,1229850,1343083,2805841,1567967,3001309,1087841,3465249,2081962,716718,638572,744572,4229444,188022,2074944,2500101,874254,5635159,2160691,1920816,941492,3947964,3264883,716005,3391790
2025-12-31,684461,314176,1984280,2768687,2844055,170860,798306,739003,11124107,1201297,400743,1162169,624894,,1357350,1828774,239664,422840,234177,1111969,2152558,284521,1733229,4766991,402683,6146223,655248,632490,829253,3175618,462353,7178126,1329280,675577,9969372,592040,285723,1734081,601104,734265,1187138,278456,915266,1452564,301517,340637,1413346,985089,1077276,1700365,606975,1001427,4192170,1303460,210068,1232468,1345946,2811819,1571306,3007707,1090158,3472634,2086400,718244,639930,746161,4238453,188421,2079368,2505428,876116,5647164,2165297,1924911,943501,3956378,3271841,717531,3399014
2026-01-02,684461,314176,1984280,2768687,2844055,170860,798306,739003,11124107,1201297,400743,1162169,624894,,1357350,1828774,239664,422840,234177,1111969,2152558,284521,1733229,4766991,402683,6146223,655248,632490,829253,3175618,462353,7178126,1329280,675577,9969372,592040,285723,1734081,601104,734265,1187138,278456,915266,1452564,301517,340637,1413346,985089,1077276,1700365,606975,1001427,4192170,1303460,210068,1232468,1345946,2811819,1571306,3007707,1090158,3472634,2086400,718244,639930,746161,4238453,188421,2079368,2505428,876116,5647164,2165297,1924911,943501,3956378,3271841,717531,3399014
2026-01-06,704637,323391,2042771,2850264,2927863,175904,821877,760828,11451947,1236702,412577,1196410,643324,,1397314,1882706,246745,435256,241064,1144755,2215996,292863,1784348,4907447,414517,6327322,674551,651114,853697,3269223,475933,7389683,1368468,695462,10263185,609500,294162,1785200,618855,755896,1222155,286701,942232,1495341,310441,350628,1454959,1014092,1108995,1750514,624823,1030915,4315748,1341872,216276,1268746,1385619,2894657,1617575,3096365,1122265,3574969,2147898,739390,658748,768180,4363389,193950,2140672,2579245,901918,5813616,2229123,1981656,971340,4072972,3368259,738677,3499215
2026-01-07,704429,323296,2042168,2849423,2926999,175852,821634,760603,11448567,1236337,412455,1196057,643134,,1396902,1882150,246672,435128,240993,1144417,2215342,292777,1783821,4905999,414395,6325455,674352,650922,853445,3268258,475793,7387502,1368064,695257,10260156,609320,294075,1784673,618672,755673,1221794,286616,941954,1494900,310349,350525,1454530,1013793,1108668,1749997,624639,1030611,4314474,1341476,216212,1268372,1385210,2893803,1617098,3095451,1121934,3573914,2147264,739172,658554,767953,4362101,193893,2140040,2578484,901652,5811900,2228465,1981071,971053,4071770,3367265,738459,3498182
2026-01-08,705261,323676,2046580,2852787,2933255,176060,823446,762223,11471387,1239117,412943,1198769,643894,,1399910,1886274,246964,435640,241277,1145769,2220058,293121,1785929,4911791,414883,6332923,675148,651690,854453,3274918,476353,7401826,1369680,696717,10282972,610040,294423,1786781,619404,756565,1224358,286956,943066,1497904,310987,351377,1457806,1014989,1109976,1752065,625375,1032987,4323070,1343060,216468,1269868,1388046,2900319,1619006,3102107,1124298,3578134,2149800,740764,659330,768861,4367253,194121,2144408,2583488,902716,5823084,2233097,1983411,972201,4080578,3374741,739331,3505314
2026-01-09,708173,325006,2055022,2864561,2945351,176788,826848,765373,11518707,1244227,414651,1203711,646554,,1405678,1894058,247986,437432,242271,1150501,2229214,294325,1793307,4932063,416591,6359061,677934,654378,857981,3288428,478313,7432360,1375336,699587,10325378,612560,295641,1794159,621966,759687,1229412,288146,946958,1504078,312275,352819,1463812,1019175,1114554,1759303,627951,1037243,4340906,1348604,217364,1275104,1393772,2912275,1625684,3114903,1128932,3592904,2158676,743816,662046,772039,4385285,194919,2153256,2594142,906440,5847108,2242309,1991601,976219,4097406,3388657,742383,3519776
2026-01-12,705885,323961,2048389,2855310,2935847,176216,824175,762898,11481527,1240212,413309,1199828,644464,,1401146,1887942,247183,436024,241490,1146783,2222020,293379,1787510,4916135,415249,6338524,675745,652266,855209,3277813,476773,7408369,1370892,697332,10292059,610580,294684,1788362,619953,757234,1225441,287211,943900,1499227,311263,351686,1459093,1015886,1110957,1753616,625927,1033899,4326892,1344248,216660,1270990,1389273,2902881,1620437,3104849,1125291,3581299,2151702,741418,659912,769542,4371117,194292,2146304,2585771,903514,5828232,2235071,1985166,973062,4084184,3377723,739985,3508413
2026-01-13,705885,323961,2048389,2855310,2935847,176216,824175,762898,11481527,1240212,413309,1199828,644464,,1401146,1887942,247183,436024,241490,1146783,2222020,293379,1787510,4916135,415249,6338524,675745,652266,855209,3277813,476773,7408369,1370892,697332,10292059,610580,294684,1788362,619953,757234,1225441,287211,943900,1499227,311263,351686,1459093,1015886,1110957,1753616,625927,1033899,4326892,1344248,216660,1270990,1389273,2902881,1620437,3104849,1125291,3581299,2151702,741418,659912,769542,4371117,194292,2146304,2585771,903514,5828232,2235071,1985166,973062,4084184,3377723,739985,3508413
2026-01-14,706301,324151,2049595,2856992,2937575,176320,824661,763348,11488287,1240942,413553,1200534,644844,,1401970,1889054,247329,436280,241632,1147459,2223328,293551,1788564,4919031,415493,6342258,676143,652650,855713,3279743,477053,7412731,1371700,697742,10298117,610940,294858,1789416,620319,757680,1226163,287381,944456,1500109,311447,351892,1459951,1016484,1111611,1754650,626295,1034507,4329440,1345040,216788,1271738,1390091,2904589,1621391,3106677,1125953,3583409,2152970,741854,660300,769996,4373693,194406,2147568,2587293,904046,5831664,2236387,1986336,973636,4086588,3379711,740421,3510479
2026-01-15,705053,323581,2045977,2851946,2932391,176008,823203,761998,11468007,1238752,412821,1198416,643704,,1399498,1885718,246891,435512,241206,1145431,2219404,293035,1785402,4910343,414761,6331056,674949,651498,854201,3273953,476213,7399645,1369276,696512,10279943,609860,294336,1786254,619221,756342,1223997,286871,942788,1497463,310895,351274,1457377,1014690,1109649,1751548,625191,1032683,4321796,1342664,216404,1269494,1387637,2899465,1618529,3101193,1123967,3577079,2149166,740546,659136,768634,4365965,194064,2143776,2582727,902450,5821368,2232439,1982826,971914,4079376,3373747,739113,3504281
2026-01-16,704845,323486,2045374,2851105,2931527,175956,822960,761773,11464627,1238387,412699,1198063,643514,,1399086,1885162,246818,435384,241135,1145093,2218750,292949,1784875,4908895,414639,6329189,674750,651306,853949,3272988,476073,7397464,1368872,696307,10276914,609680,294249,1785727,619038,756119,1223636,286786,942510,1497022,310803,351171,1456948,1014391,1109322,1751031,625007,1032379,4320522,1342268,216340,1269120,1387228,2898611,1618052,3100279,1123636,3576024,2148532,740328,658942,768407,4364677,194007,2143144,2581966,902184,5819652,2231781,1982241,971627,4078174,3372753,738895,3503248
2026-01-20,700061,321301,2031505,2831762,2911655,174760,817371,756598,11386887,1229992,409893,1189944,639144,,1389610,1872374,245139,432440,239502,1137319,2203708,290971,1772754,4875591,411833,6286248,670173,646890,848153,3250793,472853,7347301,1359580,691592,10207247,605540,292248,1773606,614829,750990,1215333,284831,936116,1486879,308687,348802,1447081,1007514,1101801,1739140,620775,1025387,4291220,1333160,214868,1260518,1377821,2878969,1607081,3079257,1116023,3551759,2133950,735314,654480,763186,4335053,192696,2128608,2564463,896066,5780184,2216647,1968786,965026,4050528,3349891,733881,3479489
2026-01-21,696317,319591,2020651,2816624,2896103,173824,812997,752548,11326047,1223422,407697,1183590,635724,,1382194,1862366,243825,430136,238224,1131235,2191936,289423,1763268,4849527,409637,6252642,666591,643434,843617,3233423,470333,7308043,1352308,687902,10152725,602300,290682,1764120,611535,746976,1208835,283301,931112,1478941,307031,346930,1439359,1002132,1095915,1729834,617463,1019915,4268288,1326032,213716,1253786,1370459,2863597,1598495,3062805,1110065,3532769,2122538,731390,650988,759100,4311869,191670,2117232,2550765,891278,5749296,2204803,1958256,959860,4028892,3331999,729957,3460895
2026-01-22,696733,319781,2021857,2818306,2897831,173928,813483,752998,11332807,1224152,407941,1184296,636104,,1383018,1863478,243971,430392,238366,1131911,2193244,289595,1764322,4852425,409881,6256378,666989,643818,844121,3235353,470613,7312405,1353116,688312,10158785,602660,290856,1765174,611901,747422,1209557,283471,931668,1479823,307215,347138,1440217,1002730,1096569,1730868,617831,1020523,4270836,1326824,213844,1254536,1371277,2865305,1599451,3064633,1110727,3534879,2123806,731826,651376,759554,4314445,191784,2118496,2552287,891810,5752728,2206119,1959426,960434,4031296,3333987,730393,3462961
2026-01-23,695277,319116,2017636,2812419,2891783,173564,811782,751423,11309147,1221597,407087,1181825,634774,,1380134,1859586,243460,429496,237869,1129545,2188666,288993,1760633,4842282,409027,6243302,665596,642474,842357,3228598,469633,7297138,1350288,686877,10137575,601400,290247,1761485,610620,745861,1207030,282876,929722,1476736,306571,346410,1437214,1000637,1094280,1727249,616543,1018395,4261918,1324052,213396,1251911,1368414,2859327,1596112,3058235,1108410,3527494,2119368,730300,650018,757965,4305429,191385,2114072,2546960,889948,5740716,2201513,1955331,958425,4022882,3327029,728867,3455730
2026-01-26,693821,318451,2013415,2806532,2885735,173200,810081,749848,11285487,1219042,406233,1179354,633444,,1377250,1855694,242949,428600,237372,1127179,2184088,288391,1756944,4832139,408173,6230226,664203,641130,840593,3221843,468653,7281871,1347460,685442,10116372,600140,289638,1757796,609339,744300,1204503,282281,927776,1473649,305927,345682,1434211,998544,1091991,1723630,615255,1016267,4253000,1321280,212948,1249286,1365551,2853349,1592773,3051837,1106093,3520109,2114930,728774,648660,756376,4296413,190986,2109648,2541633,888086,5728704,2196907,1951236,956416,4014468,3320071,727341,3448499
2026-01-27,692781,317976,2010400,2802327,2881415,172940,808866,748723,11268587,1217217,405623,1177589,632494,,1375190,1852914,242584,427960,237017,1125489,2180818,287961,1754309,4824894,407563,6220886,663208,640170,839333,3217018,467953,7270966,1345440,684417,10101222,599240,289203,1755161,608424,743185,1202698,281856,926386,1471444,305467,345162,1432066,997049,1090356,1721045,614335,1014747,4246630,1319300,212628,1247411,1363506,2849079,1590388,3047267,1104438,3514834,2111760,727684,647690,755241,4289973,190701,2106488,2537828,886756,5720124,2193617,1948311,954981,4008458,3315101,726251,3443334
2026-01-28,692989,318071,2011003,2803168,2882279,172992,809109,748948,11271967,1217582,405745,1177942,632684,,1375602,1853470,242657,428088,237088,1125827,2181472,288047,1754836,4826343,407685,6222754,663407,640362,839585,3217983,468093,7273147,1345844,684622,10104252,599420,289290,1755688,608607,743408,1203059,281941,926664,1471885,305559,345266,1432495,997348,1090683,1721562,614519,1015051,4247904,1319696,212692,1247786,1363915,2849933,1590865,3048181,1104769,3515889,2112394,727902,647884,755468,4291261,190758,2107120,2538589,887022,5721840,2194275,1948896,955268,4009660,3316095,726469,3444367
2026-01-29,691949,317596,2007988,2798963,2877959,172732,807894,747823,11255067,1215757,405135,1176177,631734,,1373542,1850690,242292,427448,236733,1124137,2178202,287617,1752201,4819098,407075,6213414,662412,639402,838325,3213158,467393,7262242,1343824,683597,10089102,598520,288855,1753053,607692,742293,1201254,281516,925274,1469680,305099,344746,1430350,995853,1089048,1718977,613599,1013531,4241534,1317716,212372,1245911,1361870,2845663,1588480,3043611,1103114,3510614,2109224,726812,646914,754333,4284821,190473,2103960,2534784,885692,5713260,2190985,1945971,953833,4003650,3311125,725379,3439202
2026-01-30,702765,322536,2039344,2842695,2922887,175436,820530,759523,11430879,1234737,411479,1194533,641614,,1394966,1879602,246088,434104,240425,1141713,2212210,292089,1779605,4894446,413419,6310550,672760,649386,851429,3263338,474673,7375654,1364832,694257,10246662,607880,293379,1780457,617208,753889,1220026,285936,939730,1492612,309883,350154,1452710,1011401,1106052,1745861,623167,1029339,4307782,1338308,215700,1265411,1383138,2890123,1613336,3091139,1120326,3565474,2142192,738148,657002,766137,4351797,193437,2136824,2574356,899524,5802492,2225201,1976391,968757,4066154,3362813,736715,3492918
2026-02-02,698189,320446,2026078,2824193,2903879,174292,815184,754573,11356497,1226707,408795,1186767,637434,,1385880,1867370,244482,431288,238863,1134277,2197822,290197,1768011,4862568,410735,6269454,668382,645162,845885,3242108,471593,7327650,1355944,689747,10180002,603920,291465,1768863,613182,748983,1212084,284066,933614,1482910,307859,347866,1443250,1004823,1098858,1734487,619119,1022651,4279754,1329596,214292,1257161,1374140,2871313,1602820,3071031,1113044,3542264,2128244,733352,652734,761143,4323461,192183,2122920,2557614,893672,5764740,2210725,1963521,962443,4039710,3340945,731919,3470192
2026-02-03,707965,324911,2054419,2863720,2944487,176736,826605,765148,11515404,1243862,414529,1203358,646364,,1405291,1893502,247913,437304,242200,1150163,2228560,294239,1792780,4930671,416469,6357250,677735,654186,857729,3287463,478173,7430204,1374932,699382,10322412,612380,295554,1793632,621783,759464,1229051,288061,946680,1503637,312183,352754,1463460,1018876,1114227,1758786,627767,1036939,4339632,1348208,217300,1274786,1393363,2911498,1625286,3113989,1128601,3591849,2158042,743598,661852,771812,4383997,194862,2152624,2593381,906174,5845392,2241651,1991016,975932,4096204,3387663,742165,3518743
2026-02-04,715037,328141,2074921,2892314,2973863,178504,834867,772798,11630358,1256272,418677,1215360,652824,,1419333,1912406,250395,441656,244614,1161655,2250796,297163,1810698,4979937,420617,6420762,684501,660714,866297,3320273,482933,7504392,1388668,706352,10425432,618500,298512,1811550,628005,767046,1241325,290951,956132,1518631,315311,356290,1478080,1029042,1125345,1776364,634023,1047275,4382948,1361672,219476,1287536,1407269,2940568,1641538,3145065,1139855,3627719,2179598,751010,668448,779530,4427789,196800,2174112,2619255,915218,5903736,2264023,2010906,985690,4137072,3421459,749577,3553865
2026-02-05,715245,328236,2075524,2893155,2974727,178556,835110,773023,11633739,1256637,418799,1215713,653014,,1419746,1912962,250468,441784,244685,1161993,2251450,297249,1811225,4981386,420739,6422630,684700,660906,866549,3321238,483073,7506574,1389072,706557,10428462,618680,298599,1812077,628188,767269,1241686,291036,956410,1519072,315403,356394,1478510,1029341,1125672,1776881,634207,1047579,4384222,1362068,219540,1287911,1407678,2941423,1642016,3145979,1140186,3628774,2180232,751228,668642,779757,4429077,196857,2174744,2620016,915484,5905452,2264681,2011491,985977,4138274,3422453,749795,3554898
2026-02-06,717741,329376,2082760,2903247,2985095,179180,838026,775723,11674311,1261017,420263,1219949,655294,,1424702,1919634,251344,443320,245537,1166049,2259298,298281,1817549,4998774,422203,6445046,687088,663210,869573,3332818,484753,7532758,1393920,709017,10464822,620840,299643,1818401,630384,769945,1246018,292056,959746,1524364,316507,357642,1483670,1032929,1129596,1783085,636415,1051227,4399510,1366820,220308,1292411,1412586,2951683,1647752,3156947,1144158,3641434,2187840,753844,670970,782481,4444533,197541,2182328,2629148,918676,5926044,2272577,2018511,989421,4152698,3434381,752411,3567294
2026-02-09,723677,332191,2097811,2927144,3006783,180664,843997,781308,11760688,1270062,423637,1228650,660724,,1435043,1933386,253385,446616,247584,1175595,2275716,300783,1832408,5039807,425777,6498002,692751,668674,876657,3357323,487133,7588852,1405388,714222,10539832,625900,302122,1833360,635495,776336,1255075,294381,967672,1535701,318781,360170,1494220,1041512,1138855,1797674,639543,1058715,4432168,1378052,222116,1302986,1422979,2972718,1661278,3179885,1152545,3671369,2205818,759350,676568,788860,4480929,199190,2198392,2648805,926198,5970336,2289203,2035056,997400,4182732,3459079,758617,3593555
2026-02-10,725965,333247,2104455,2936417,3016309,181236,846670,783783,11797956,1274088,424979,1232544,662814,,1439586,1939513,254188,448035,248365,1179324,2282932,301740,1838216,5055779,427130,6518594,694951,670797,879440,3367960,488673,7612898,1409843,716488,10573239,627880,303079,1839168,637508,778800,1259057,295316,970741,1540563,319793,361314,1498950,1044812,1142463,1803372,641578,1062070,4446215,1382419,222820,1307111,1427489,2982134,1666547,3189961,1156197,3683007,2212803,761759,678713,791357,4495130,199817,2205355,2657198,929135,5989256,2296463,2041502,1000557,4195987,3470046,761026,3604940
2026-02-11,726381,333439,2105663,2938103,3018041,181340,847156,784233,11804732,1274820,425223,1233252,663194,,1440412,1940627,254334,448293,248507,1180002,2284244,301914,1839272,5058683,427376,6522338,695351,671183,879946,3369894,488953,7617270,1410653,716900,10579313,628240,303253,1840224,637874,779248,1259781,295486,971299,1541447,319977,361522,1499810,1045412,1143119,1804408,641948,1062680,4448769,1383213,222948,1307861,1428309,2983846,1667505,3191793,1156861,3685123,2214075,762197,679103,791811,4497712,199931,2206621,2658724,929669,5992696,2297783,2042674,1001131,4198397,3472040,761464,3607010
2026-02-12,725757,333151,2103851,2935574,3015443,181184,846427,783558,11794568,1273722,424857,1232190,662624,,1439173,1938956,254115,447906,248294,1178985,2282276,301653,1837688,5054327,427007,6516722,694751,670604,879187,3366993,488533,7610712,1409438,716282,10570202,627700,302992,1838640,637325,778576,1258695,295231,970462,1540121,319701,361210,1498520,1044512,1142135,1802854,641393,1061765,4444938,1382022,222756,1306736,1427079,2981278,1666068,3189045,1155865,3681949,2212167,761540,678518,791130,4493839,199760,2204722,2656435,928868,5987536,2295803,2040916,1000270,4194782,3469049,760807,3603905
2026-02-13,728056,334207,2110495,2944847,3024969,181756,849100,786033,11831847,1277748,426199,1236084,664714,,1443716,1945083,254918,449325,249075,1182714,2289492,302610,1843496,5070299,428360,6537314,696951,672727,881970,3377630,490073,7634769,1413893,718548,10603609,629680,303949,1844448,639338,781040,1262677,296166,973531,1544983,320713,362354,1503261,1047812,1145743,1808552,643428,1065120,4458985,1386389,223460,1310861,1431589,2990694,1671337,3199121,1159517,3693587,2219163,763949,680663,793627,4508040,200387,2211685,2664828,931805,6006456,2303063,2047362,1003427,4208037,3480016,763216,3615290
2026-02-17,736625,338143,2135259,2979410,3060475,183888,859063,795258,11970755,1292754,431201,1250598,672504,,1460649,1967920,257911,454614,251986,1196613,2316388,306177,1865144,5129831,433403,6614066,705151,680640,892343,3417277,495813,7724436,1430498,726994,10728126,637060,307516,1866096,646841,790224,1277519,299651,984970,1563105,324485,366618,1520932,1060112,1159191,1829790,651013,1077625,4511342,1402666,226084,1326236,1448399,3025790,1690976,3236677,1173129,3736965,2245239,772928,688658,802934,4560971,202724,2237638,2696111,942752,6076976,2330123,2071388,1015194,4257442,3520893,772195,3657725
2026-02-18,740387,339871,2146149,2994602,3076063,184824,863437,799308,12031757,1299342,433397,1256970,675924,,1468101,1977946,259225,456936,253264,1202715,2328196,307743,1874648,5155967,435617,6647780,708751,684114,896897,3434683,498333,7763802,1437788,730702,10782792,640300,309082,1875600,650135,794256,1284035,301181,989992,1571079,326141,368490,1528690,1065512,1165095,1839114,654343,1083115,4534328,1409812,227236,1332986,1455779,3041216,1699598,3253165,1179105,3756009,2256687,776870,692168,807020,4584209,203750,2249050,2709845,947558,6107936,2342003,2081936,1020360,4279132,3538839,776137,3676373
2026-02-19,740387,339871,2146149,2994602,3076063,184824,863437,799308,12031757,1299342,433397,1256970,675924,,1468101,1977946,259225,456936,253264,1202715,2328196,307743,1874648,5155967,435617,6647780,708751,684114,896897,3434683,498333,7763802,1437788,730702,10782792,640300,309082,1875600,650135,794256,1284035,301181,989992,1571079,326141,368490,1528690,1065512,1165095,1839114,654343,1083115,4534328,1409812,227236,1332986,1455779,3041216,1699598,3253165,1179105,3756009,2256687,776870,692168,807020,4584209,203750,2249050,2709845,947558,6107936,2342003,2081936,1020360,4279132,3538839,776137,3676373
2026-02-20,742477,340831,2152199,3003042,3084733,185344,865867,801558,12065657,1303002,434617,1260510,677824,,1472241,1983516,259955,458226,253974,1206105,2334756,308613,1879928,5170497,436847,6666510,710751,686044,899427,3444363,499733,7785672,1441838,732762,10813172,642100,309952,1880880,651965,796496,1287655,302031,992782,1575509,327061,369530,1533000,1068512,1168375,1844294,656193,1086165,4547108,1413782,227876,1336746,1459879,3049786,1704388,3262335,1182425,3766589,2263047,779060,694118,809290,4597129,204320,2255390,2717475,950228,6125146,2348603,2087806,1023240,4291192,3548809,778327,3686733
2026-02-23,742268,340735,2151594,3002198,3083866,185292,865624,801333,12062267,1302636,434495,1260156,677634,,1471827,1982959,259882,458097,253903,1205766,2334100,308526,1879400,5169044,436724,6664637,710551,685851,899174,3443395,499593,7783485,1441433,732556,10810134,641920,309865,1880352,651782,796272,1287293,301946,992503,1575066,326969,369426,1532569,1068212,1168047,1843776,656008,1085860,4545830,1413385,227812,1336370,1459469,3048929,1703909,3261418,1182093,3765531,2262411,778841,693923,809063,4595837,204263,2254756,2716712,949961,6123425,2347943,2087219,1022952,4289986,3547812,778108,3685697
2026-02-24,739551,339487,2143729,2991226,3072595,184616,862465,798408,12018184,1297878,432909,1255554,675164,,1466445,1975718,258933,456420,252980,1201359,2325572,307395,1872536,5150155,435125,6640288,707951,683342,895885,3430811,497773,7755041,1436168,729878,10770627,639580,308734,1873475,649403,793360,1282587,300841,988876,1569307,325773,368074,1526966,1064312,1163783,1837042,653603,1081895,4529216,1408224,226980,1331482,1454139,3037788,1697682,3249497,1177777,3751777,2254143,775994,691388,806112,4579041,203522,2246514,2706780,946490,6101052,2339363,2079588,1019208,4274308,3534851,775261,3672229
2026-02-25,744567,341791,2159549,3011482,3095103,185864,868817,803808,12104768,1306662,435837,1264850,679724,,1477181,1989086,260685,459516,254684,1209495,2342516,309483,1885208,5185027,438077,6685264,712751,687974,901957,3455543,501133,7810253,1445888,735142,10843563,643900,310822,1886171,653795,798736,1291875,302881,995572,1580539,327981,370570,1537310,1071512,1171655,1849474,662343,1089215,4561688,1417752,228516,1340506,1464579,3058356,1709178,3271505,1186305,3777193,2269407,781250,696068,811560,4610049,204890,2262730,2726036,952898,6144356,2355203,2093676,1026120,4305652,3560679,780517,3698593
2026-02-26,748538,343615,2171044,3027518,3111576,186852,873434,808083,12169197,1313616,438155,1271576,683353,,1485047,1999669,262072,461967,256033,1215936,2354980,311136,1895240,5212634,440414,6720870,716551,691641,906764,3473935,503793,7851825,1453583,739056,10901304,647320,312475,1896222,657272,802992,1298753,304496,1000873,1588956,329729,372546,1545499,1077212,1177887,1859316,665858,1095010,4585970,1425295,229732,1347650,1472369,3074639,1718279,3288928,1192613,3797314,2281491,785411,699773,815873,4634597,205973,2274776,2740552,957971,6177074,2367743,2104829,1031592,4328566,3579622,784678,3718277
2026-02-27,744567,341791,2159549,3011482,3095103,185864,868817,803808,12104768,1306662,435837,1264850,679724,,1477181,1989086,260685,459516,254684,1209495,2342516,309483,1885208,5185027,438077,6685264,712751,687974,901957,3455543,501133,7810253,1445888,735142,10843563,643900,310822,1886171,653795,798736,1291875,302881,995572,1580539,327981,370570,1537310,1071512,1171655,1849474,662343,1089215,4561688,1417752,228516,1340506,1464579,3058356,1709178,3271505,1186305,3777193,2269407,781250,696068,811560,4610049,204890,2262730,2726036,952898,6144356,2355203,2093676,1026120,4305652,3560679,780517,3698593
2026-03-02,742059,340639,2152289,3001354,3084699,185240,865901,801108,12064076,1302270,434373,1260602,677432,,1472213,1982390,259809,457968,253832,1205427,2334644,308439,1878872,5167591,436601,6662776,710351,685658,898921,3443927,499453,7783997,1441028,732670,10807095,641740,309778,1879823,651599,796048,1287531,301861,992224,1575223,326877,369322,1532138,1067912,1167719,1843258,660123,1085555,4546352,1412988,227748,1335994,1459659,3048072,1703430,3260501,1182321,3764485,2261775,778622,693728,808836,4594545,204206,2255122,2716868,949694,6123692,2347283,2086632,1022664,4291180,3548715,777889,3686161
2026-03-03,741641,340447,2151079,2999666,3082965,185136,865415,800658,12057292,1301538,434129,1259894,677050,,1471385,1981274,259663,457710,253690,1204749,2333332,308265,1877814,5164683,436355,6659028,709951,685272,898415,3441991,499173,7779619,1440218,732258,10801015,641378,309604,1878765,651233,795600,1286807,301691,991666,1574337,326693,369114,1531276,1067312,1167061,1842220,659753,1084945,4543796,1412192,227620,1335242,1458839,3046358,1702472,3258667,1181657,3762367,2260503,778184,693338,808380,4591959,204092,2253854,2715340,949160,6120248,2345963,2085458,1022088,4288766,3546719,777451,3684087
2026-03-04,737043,338335,2137769,2981098,3063891,183992,860069,795708,11982646,1293486,431445,1252106,672848,,1462277,1968998,258057,454872,252128,1197291,2318878,306351,1866176,5132695,433649,6617778,705551,681026,892849,3420673,496093,7731461,1431308,727726,10734113,637396,307690,1867127,647207,790672,1278843,299821,985528,1564591,324669,366826,1521794,1060712,1159823,1830802,655683,1078235,4515658,1403436,226212,1326970,1449797,3027482,1691934,3238493,1174331,3739069,2246511,773366,689048,803364,4563513,202838,2239906,2698532,943286,6082364,2331443,2072544,1015752,4262212,3524763,772633,3661273
2026-03-05,731400,335743,2121434,2958310,3040482,182588,853508,789633,11891035,1283604,428151,1242548,667691,,1451099,1953932,256086,451389,250211,1188138,2301139,304002,1851893,5093437,430328,6567153,700151,675815,886018,3394510,492313,7672358,1420373,722164,10652006,632509,305341,1852844,642266,784624,1269069,297526,977995,1552630,322185,364018,1510157,1052612,1150940,1816789,650688,1070000,4481125,1392690,224484,1316818,1438700,3004316,1679001,3213734,1165340,3710476,2229339,767453,683783,797208,4528602,201299,2222788,2677904,936077,6035870,2313623,2056695,1007976,4229623,3497817,766720,3633274
2026-03-06,727220,333823,2109334,2941430,3023142,181548,848648,785133,11823175,1276284,425711,1235468,663871,,1442819,1942772,254626,448809,248791,1181358,2287999,302262,1841313,5064357,427868,6529653,696151,671955,880958,3375130,489513,7628578,1412273,718044,10591186,628889,303601,1842264,638606,780144,1261829,295826,972415,1543770,320345,361938,1501537,1046612,1144360,1806409,646988,1063900,4455545,1384730,223204,1309298,1430480,2987156,1669421,3195394,1158680,3689296,2216619,763073,679883,792648,4502742,200159,2210108,2662624,930737,6001430,2300423,2044955,1002216,4205483,3477857,762340,3612534
2026-03-09,722204,331519,2094814,2921150,3002310,180300,842792,779733,11741743,1267500,422783,1226948,659287,,1432883,1929380,252874,445713,247087,1173222,2272231,300174,1828617,5029461,424916,6484653,691351,667323,874886,3351874,486153,7576018,1402553,713100,10518202,624545,301513,1829568,634214,774768,1253141,293786,965719,1533138,318137,359442,1491193,1039388,1136464,1793953,642548,1056580,4424849,1375178,221668,1300274,1420616,2966564,1657925,3173386,1150688,3663880,2201355,757817,675203,787176,4471710,198791,2194892,2644288,924329,5960078,2284559,2030867,995304,4176515,3453905,757084,3587646
2026-03-10,721786,331327,2093604,2919460,3000574,180196,842304,779283,11734955,1266766,422539,1226238,658905,,1432055,1928264,252728,445455,246945,1172544,2270917,300000,1827559,5026553,424670,6480903,690951,666937,874380,3349936,485871,7571638,1401741,712688,10512118,624183,301339,1828510,633848,774320,1252417,293616,965161,1532252,317953,359234,1490331,1038786,1135806,1792915,642178,1055968,4422291,1374382,221540,1299522,1419794,2964848,1656967,3171550,1150022,3661762,2200081,757379,674813,786720,4469124,198677,2193624,2642760,923795,5956632,2283237,2029693,994728,4174101,3451909,756646,3585572
2026-03-11,722413,331615,2095419,2921995,3003178,180352,843036,779958,11745137,1267867,422905,1227303,659478,,1433297,1929938,252947,445842,247158,1173561,2272888,300261,1829146,5030918,425039,6486528,691551,667516,875139,3352843,486294,7578208,1402959,713306,10521244,624726,301600,1830097,634397,774992,1253503,293871,965998,1533581,318229,359546,1491624,1039689,1136793,1794472,642733,1056886,4426128,1375576,221732,1300650,1421027,2967422,1658404,3174304,1151021,3664942,2201992,758036,675398,787404,4473003,198848,2195526,2645052,924596,5961801,2285220,2031454,995592,4177722,3454903,757303,3588683
2026-03-12,721368,331135,2092394,2917770,2998838,180092,841816,778833,11728167,1266032,422295,1225528,658523,,1431227,1927148,252582,445197,246803,1171866,2269603,299826,1826501,5023643,424424,6477153,690551,666551,873874,3347998,485589,7567258,1400929,712276,10506034,623821,301165,1827452,633482,773872,1251693,293446,964603,1531366,317769,359026,1489469,1038184,1135148,1791877,641808,1055356,4419733,1373586,221412,1298770,1418972,2963132,1656009,3169714,1149356,3659642,2198807,756941,674423,786264,4466538,198563,2192356,2641232,923261,5953186,2281915,2028519,994152,4171687,3449913,756208,3583498
2026-03-13,717188,329215,2080294,2900870,2981478,179052,836936,774333,11660287,1258692,419855,1218428,654703,,1422947,1915988,251122,442617,245383,1165086,2256463,298086,1815921,4994543,421964,6439653,686551,662691,868814,3328618,482769,7523458,1392809,708156,10445194,620201,299425,1816872,629822,769392,1244453,291746,959023,1522506,315929,356946,1480849,1032164,1128568,1781497,638108,1049236,4394153,1365626,220132,1291250,1410752,2945972,1646429,3151354,1142696,3638442,2186067,752561,670523,781704,4440678,197423,2179676,2625952,917921,5918726,2268695,2016779,988392,4147547,3429953,751828,3562758
2026-03-16,717397,329311,2080900,2901715,2982346,179104,837180,774559,11663682,1259059,419977,1218783,654894,,1423361,1916546,251195,442746,245454,1165425,2257120,298173,1816450,4995998,422087,6441529,686751,662884,869067,3329587,482910,7525649,1393215,708362,10448237,620382,299512,1817401,630005,769616,1244815,291831,959302,1522949,316021,357050,1481280,1032465,1128897,1782016,638293,1049542,4395432,1366024,220196,1291626,1411163,2946830,1646909,3152272,1143029,3639502,2186704,752780,670718,781932,4441972,197481,2180311,2626717,918188,5920450,2269356,2017366,988680,4148754,3430952,752047,3563795
2026-03-17,716770,329023,2079082,2899180,2979742,178948,836448,773881,11653497,1257958,419611,1217718,654321,,1422119,1914872,250976,442359,245241,1164408,2255149,297912,1814863,4991633,421718,6435901,686151,662305,868308,3326680,482487,7519076,1391997,707744,10439108,619839,299251,1815814,629456,768944,1243729,291576,958465,1521620,315745,356738,1479987,1031562,1127910,1780459,637738,1048624,4391592,1364830,220004,1290498,1409930,2944256,1645469,3149518,1142030,3636322,2184793,752123,670133,781248,4438090,197307,2178406,2624422,917387,5915278,2267373,2015602,987816,4145130,3427955,751390,3560684
2026-03-18,718651,329887,2084536,2906785,2987554,179416,838644,775915,11684052,1261261,420709,1220913,656040,,1425845,1919894,251633,443520,245880,1167459,2261062,298695,1819624,5004728,422825,6452785,687951,664042,870585,3335401,483756,7538795,1395651,709598,10466495,621468,300034,1820575,631103,770960,1246987,292341,960976,1525607,316573,357674,1483866,1034271,1130871,1785130,639403,1051378,4403112,1368412,220580,1293882,1413629,2951978,1649789,3157780,1145027,3645862,2190526,754094,671888,783300,4449736,197829,2184121,2631307,919790,5930794,2273322,2020894,990408,4156002,3436946,753361,3570026
2026-03-19,713217,327391,2068780,2884815,2964986,178064,832300,770039,11595782,1251719,417537,1211683,651074,,1415081,1905386,249735,440166,244034,1158645,2243980,296433,1805870,4966898,419627,6404009,682751,659024,864007,3310207,480090,7481829,1385095,704242,10387377,616762,297772,1806821,626345,765136,1237575,290131,953722,1514089,314181,354970,1472660,1026445,1122317,1771636,634593,1043422,4369832,1358064,218916,1284106,1402943,2929670,1637309,3133912,1136369,3618302,2173964,748400,666818,777372,4416092,196321,2167611,2611417,912848,5885970,2256136,2005606,982920,4124594,3410972,747667,3543038
2026-03-20,700205,321403,2032188,2690735,2884592,174802,816660,756675,11271566,1229917,409897,1184687,639398,2095070,1389865,1861594,245151,432152,239574,1115091,2195792,291143,1771330,4877336,409287,6288119,659403,649642,848209,3249799,471214,7351215,1359797,691236,10184099,605606,289802,1769383,615343,738602,1212143,284325,933874,1476103,309289,345008,1436296,1007753,1101971,1716428,615731,1022902,4301108,1334080,214910,1260766,1380653,2877382,1607165,3077906,1108839,3557514,2128914,730612,643240,763284,4302966,192727,2127123,2548201,896222,5743958,2205122,1949262,953860,4047218,3352104,733937,3476998
2026-03-23,700205,321403,2032188,2690735,2884592,174802,816660,756675,11271566,1229917,409897,1184687,639398,2095070,1389865,1861594,245151,432152,239574,1115091,2195792,291143,1771330,4877336,409287,6288119,659403,649642,848209,3249799,471214,7351215,1359797,691236,10184099,605606,289802,1769383,615343,738602,1212143,284325,933874,1476103,309289,345008,1436296,1007753,1101971,1716428,615731,1022902,4301108,1334080,214910,1260766,1380653,2877382,1607165,3077906,1108839,3557514,2128914,730612,643240,763284,4302966,192727,2127123,2548201,896222,5743958,2205122,1949262,953860,4047218,3352104,733937,3476998
2026-03-24,713735,327607,2071458,2742743,2940362,178168,832434,771327,11489432,1253677,417817,1207589,651740,2135594,1416727,1897564,249903,440534,244194,1136673,2238230,296753,1805584,4971584,417207,6409691,672141,662182,864577,3312631,480322,7493313,1386065,704568,10380977,617288,295412,1803571,627223,752858,1235573,289803,951958,1504615,315295,351674,1464082,1027223,1123289,1749626,627611,1042702,4384268,1359886,219068,1285120,1407317,2933020,1638251,3137372,1130289,3626286,2170032,744736,655648,778068,4386126,196423,2168241,2597437,913514,5854970,2247758,1986948,972274,4125428,3416916,748127,3544186
2026-03-25,706970,324505,2051823,2716739,2912477,176485,824547,764001,11380499,1241797,413857,1196138,645569,2115332,1403296,1879579,247527,436343,241884,1125882,2217011,293948,1788457,4924460,413247,6348905,665772,655912,856393,3281215,475768,7422264,1372931,697902,10282538,611447,292607,1786477,621283,745730,1223858,287064,942916,1490359,312292,348341,1450189,1017488,1112630,1733027,621671,1032802,4342688,1346983,216989,1272943,1393985,2905201,1622708,3107639,1119564,3591900,2149473,737674,649444,770676,4344546,194575,2147682,2572819,904868,5799464,2226440,1968105,963067,4086323,3384510,741032,3510592
2026-03-26,711685,326667,2065508,2734863,2931912,177658,830044,769107,11456422,1250077,416617,1204119,649870,2129454,1412657,1892114,249183,439264,243494,1133403,2231800,295903,1800394,4957304,416007,6391271,670211,660282,862097,3303111,478942,7471783,1382085,702548,10351147,615518,294562,1798391,625423,750698,1232023,288973,949218,1500295,314385,350664,1459872,1024273,1120059,1744596,625811,1039702,4371668,1355976,218438,1281430,1403277,2924590,1633541,3128362,1127039,3615866,2163802,742596,653768,775828,4373526,195863,2162011,2589977,910894,5838150,2241298,1981238,969484,4113578,3407096,745977,3534006
2026-03-27,715375,328359,2076218,2749047,2947122,178576,834346,773103,11515840,1256557,418777,1210365,653236,2140506,1419983,1901924,250479,441550,244754,1139289,2243374,297433,1809736,4983008,418167,6424427,673685,663702,866561,3320247,481426,7510537,1389249,706184,10404841,618704,296092,1807715,628663,754586,1238413,290467,954132,1508071,316023,352482,1467450,1029583,1125873,1753650,629051,1045102,4394348,1363014,219572,1288072,1410549,2939764,1642019,3144580,1132889,3634622,2175016,746448,657152,779860,4396206,196871,2173225,2603405,915610,5868426,2252926,1991516,974506,4134908,3424772,749847,3552330
2026-03-30,717220,329205,2081573,2756139,2954727,179035,836497,775101,11545549,1259797,419857,1213488,654919,2146032,1423646,1906829,251127,442693,245384,1142232,2249161,298198,1814407,4995860,419247,6441005,675422,665412,868793,3328815,482668,7529914,1392831,708002,10431688,620297,296857,1812377,630283,756530,1241608,291214,956589,1511959,316842,353391,1471239,1032238,1128780,1758177,630671,1047802,4405688,1366533,220139,1291393,1414185,2947351,1646258,3152689,1135814,3644000,2180623,748374,658844,781876,4407546,197375,2178832,2610119,917968,5883564,2258740,1996655,977017,4145573,3433610,751782,3561492
2026-03-31,710455,326103,2061938,2730135,2926842,177352,828610,767775,11436616,1247917,415897,1202037,648748,2125770,1410215,1888844,248751,438502,243074,1131441,2227942,295393,1797280,4948736,415287,6380219,669053,659142,860609,3297399,478114,7458865,1379697,701336,10333249,614456,294052,1795283,624343,749402,1229893,288475,947580,1497703,313839,350058,1457346,1022503,1118121,1741578,624731,1037902,4364108,1353630,218060,1279216,1400853,2919532,1630715,3122956,1125089,3609614,2160064,741312,652640,774484,4365966,195527,2158273,2585501,909322,5828058,2237422,1977812,967810,4106468,3401204,744687,3527898
2026-04-01,711275,326479,2064318,2733287,2930222,177556,829566,768663,11449824,1249357,416377,1203425,649496,2128226,1411843,1891024,249039,439010,243354,1132749,2230514,295733,1799356,4954452,415767,6387587,669825,659902,861601,3301207,478666,7467477,1381289,702144,10345181,615164,294392,1797355,625063,750266,1231313,288807,948676,1499431,314203,350462,1459030,1023683,1119413,1743590,625451,1039102,4369148,1355194,218312,1280692,1402469,2922904,1632599,3126564,1126389,3613782,2162560,742168,653392,775380,4371006,195751,2160765,2588485,910374,5834790,2240006,1980096,968926,4111208,3405132,745547,3531970
2026-04-02,711275,326479,2064318,2733287,2930222,177556,829566,768663,11449824,1249357,416377,1203425,649496,2128226,1411843,1891024,249039,439010,243354,1132749,2230514,295733,1799356,4954452,415767,6387587,669825,659902,861601,3301207,478666,7467477,1381289,702144,10345181,615164,294392,1797355,625063,750266,1231313,288807,948676,1499431,314203,350462,1459030,1023683,1119413,1743590,625451,1039102,4369148,1355194,218312,1280692,1402469,2922904,1632599,3126564,1126389,3613782,2162560,742168,653392,775380,4371006,195751,2160765,2588485,910374,5834790,2240006,1980096,968926,4111208,3405132,745547,3531970
2026-04-06,709020,325445,2057773,2724619,2920927,176995,826937,766221,11413502,1245397,415057,1199608,647439,2121472,1407366,1885029,248247,437613,242584,1129152,2223441,294798,1793647,4938733,414447,6367325,667702,657812,858873,3290735,477148,7443794,1376911,699922,10312368,613217,293457,1791657,623083,747890,1227408,287894,945662,1494679,313202,349351,1454399,1020438,1115860,1738057,623471,1035802,4355288,1350893,217619,1276633,1398025,2913631,1627418,3116642,1122814,3602320,2155696,739814,651324,772916,4357146,195135,2153912,2580279,907481,5816277,2232900,1973815,965857,4098186,3394330,743182,3520785
