date,adbe_shares,ptc_shares,crm_shares,zbra_shares,msft_shares,now_shares,intu_shares,tdy_shares,cdw_shares,ntap_shares,pltr_shares,nvda_shares,fslr_shares,ctsh_shares,aapl_shares,adsk_shares,panw_shares,crwd_shares,epam_shares,lrcx_shares,mchp_shares,ter_shares,keys_shares,smci_shares,amd_shares,glw_shares,acn_shares,fico_shares,vrsn_shares,stx_shares,aph_shares,orcl_shares,wday_shares,rop_shares,cdns_shares,snps_shares,akam_shares,app_shares,amat_shares,ffiv_shares,qcom_shares,dell_shares,wdc_shares,ibm_shares,intc_shares,ftnt_shares,jbl_shares,klac_shares,gddy_shares,adi_shares,on_shares,tyl_shares,msi_shares,mpwr_shares,mu_shares,csco_shares,gen_shares,avgo_shares,sndk_shares,q_shares,anet_shares,hpe_shares,nxpi_shares,txn_shares,trmb_shares,ddog_shares,hpq_shares,cien_shares,tel_shares,swks_shares,it_shares
2025-03-31,3396276,938756,7466599,400817,22297990,1607220,2183907,363534,1039689,1586195,15992769,73457083,835238,3858990,45058304,1677426,5165708,1921702,442541,10015191,4196127,1270613,1348979,3928957,12643081,6014642,4880066,190509,634771,1651739,9448936,12656742,1669678,836645,2139857,1206029,1172131,,6340718,449829,8629078,2433909,2713717,7214159,33782844,4963360,854543,1036779,1101742,3870700,3287911,333973,1303901,373154,8692864,31073716,4231400,15216858,,,8059546,10247318,1982959,7102490,1917723,,7316794,,2327770,1254086,599279
2025-04-01,3396276,938756,7466599,400817,22297990,1607220,2183907,363534,1039689,1586195,15992769,73457083,835238,3858990,45058304,1677426,5165708,1921702,442541,10015191,4196127,1270613,1348979,3928957,12643081,6014642,4880066,190509,634771,1651739,9448936,12656742,1669678,836645,2139857,1206029,1172131,,6340718,449829,8629078,2433909,2713717,7214159,33782844,4963360,854543,1036779,1101742,3870700,3287911,333973,1303901,373154,8692864,31073716,4231400,15216858,,,8059546,10247318,1982959,7102490,1917723,,7316794,,2327770,1254086,599279
2025-04-03,3389978,936993,7452686,400085,22256559,1604253,2179844,362880,1037818,1583280,15963020,73320356,833696,3851817,44974467,1674316,5156105,1918185,441718,9996548,4188252,1268261,1346558,3921741,12619539,6003458,4870961,190206,633545,1648681,9431376,12633174,1666581,835090,2135785,1203807,1169874,,6328958,448993,8613034,2429413,2708736,7200666,33719989,4954086,852962,1034908,1099641,3863401,3281834,333271,1301471,372374,8676690,31015829,4223547,15188534,,,8044585,10228181,1979212,7089231,1914106,,7303093,,2323408,1251760,598231
2025-04-07,3370286,931557,7409450,397745,22127391,1594929,2167208,360756,1031806,1574100,15870392,72894836,828872,3829461,44713467,1664596,5126189,1907061,439162,9938516,4163952,1260917,1338746,3898989,12546315,5968610,4842701,189090,629873,1639105,9376656,12559842,1656897,830230,2123401,1196823,1163070,,6292238,446401,8563030,2415301,2693004,7158870,33524293,4925322,847994,1028896,1093269,3840973,3262790,331327,1293911,370214,8626326,30835829,4199031,15100370,,,7997893,10168817,1967728,7048083,1902982,,7260721,,2309908,1244488,594775
2025-04-16,3382126,934877,7435308,399245,22204589,1600509,2174766,362036,1035346,1579500,15925790,73149288,831752,3842881,44869481,1670396,5144109,1913641,440682,9973256,4178452,1265335,1343386,3912529,12590033,5989470,4859601,189710,632113,1644825,9409294,12603682,1662677,833130,2130881,1201003,1167150,,6314176,447941,8592910,2423741,2702344,7183890,33641389,4942502,851054,1032436,1097109,3854433,3274170,332507,1298411,371514,8656406,30943505,4213651,15153050,,,8025733,10204297,1974608,7072743,1909662,,7286099,,2318008,1248828,596795
2025-04-22,3385408,935783,7442520,399635,22226123,1602063,2176878,362390,1036348,1581030,15941234,73220227,832556,3846607,44912993,1672016,5149095,1915495,441108,9982928,4182502,1266565,1344688,3916321,12602243,5995278,4864311,189896,632725,1646421,9418420,12615904,1664291,833940,2132945,1202167,1168284,,6320302,448373,8601244,2426093,2704966,7190856,33674017,4947296,851882,1033438,1098171,3858171,3277344,332831,1299671,371874,8664800,30973520,4217737,15167744,,,8033515,10214191,1976522,7079601,1911516,,7293167,,2320258,1250040,597371
2025-04-23,3388143,936538,7448530,399960,22244068,1603358,2178638,362685,1037183,1582305,15954104,73279347,833226,3849712,44949258,1673366,5153250,1917040,441463,9990988,4185877,1267590,1345773,3919481,12612418,6000118,4868236,190051,633235,1647751,9426025,12626089,1665636,834615,2134665,1203137,1169229,,6325407,448733,8608189,2428053,2707151,7196661,33701207,4951291,852572,1034273,1099056,3861286,3279989,333101,1300721,372174,8671795,30998530,4221142,15179989,,,8040000,10222436,1978117,7085316,1913061,,7299057,,2322133,1251050,597851
2025-04-25,3384861,935632,7441318,399570,22222534,1601804,2176526,362331,1036181,1580775,15938660,73208403,832422,3845986,44905740,1671746,5148264,1915186,441037,9981316,4181827,1266360,1344471,3915689,12600208,5994310,4863526,189865,632623,1646155,9416899,12613867,1664022,833805,2132601,1201973,1168095,,6319281,448301,8599855,2425701,2704529,7189695,33668579,4946497,851744,1033271,1097994,3857548,3276815,332777,1299461,371814,8663401,30968518,4217056,15165295,,,8032218,10212542,1976203,7078458,1911207,,7291989,,2319883,1249838,597275
2025-04-28,3380485,934424,7431702,399050,22193822,1599732,2173710,361859,1034845,1578735,15918068,73113811,831350,3841018,44847724,1669586,5141616,1912714,440469,9968420,4176427,1264720,1342735,3910633,12583928,5986566,4857246,189617,631807,1644027,9404731,12597571,1661870,832725,2129849,1200421,1166583,,6311113,447725,8588743,2422565,2701033,7180407,33625075,4940105,850640,1031935,1096578,3852564,3272583,332345,1297781,371334,8652209,30928502,4211608,15145703,,,8021842,10199350,1973651,7069314,1908735,,7282565,,2316883,1248222,596507
2025-05-13,3369545,931404,7407662,397750,22122015,1594552,2166670,360679,1031505,1573635,15866561,72877297,828670,3828598,44702635,1664186,5124969,1906534,439049,9936180,4162927,1260620,1338395,3897993,12543228,5967206,4841519,188997,629767,1638707,9374311,12556831,1656490,830025,2122969,1196541,1162803,,6290693,446285,8560963,2414725,2692293,7157187,33516315,4924125,847880,1028595,1093038,3840104,3262003,331265,1293581,370134,8624229,30828462,4197988,15096696,,,7995902,10166343,1967271,7046454,1902555,,7259005,,2309383,1244182,594587
2025-05-14,3369545,931404,7407662,397750,22122015,1594552,2166670,360679,1031505,1573635,15866561,72877297,828670,3828598,44702635,1664186,5124969,1906534,439049,9936180,4162927,1260620,1338395,3897993,12543228,5967206,4841519,188997,629767,1638707,9374311,12556831,1656490,830025,2122969,1196541,1162803,,6290693,446285,8560963,2414725,2692293,7157187,33516315,4924125,847880,1028595,1093038,3840104,3262003,331265,1293581,370134,8624229,30828462,4197988,15096696,,,7995902,10166343,1967271,7046454,1902555,,7259005,,2309383,1244182,594587
2025-05-16,3369545,931404,7407662,397750,22122015,1594552,2166670,360679,1031505,1573635,15866561,72877297,828670,3828598,44702635,1664186,5124969,1906534,439049,9936180,4162927,1260620,1338395,3897993,12543228,5967206,4841519,188997,629767,1638707,9374311,12556831,1656490,830025,2122969,1196541,1162803,,6290693,446285,8560963,2414725,2692293,7157187,33516315,4924125,847880,1028595,1093038,3840104,3262003,331265,1293581,370134,8624229,30828462,4197988,15096696,,,7995902,10166343,1967271,7046454,1902555,,7259005,,2309383,1244182,594587
2025-05-19,3369545,931404,7407662,397750,22122015,1594552,2166670,360679,1031505,1573635,15866561,72877297,828670,3828598,44702635,1664186,5124969,1906534,439049,9936180,4162927,1260620,1338395,3897993,12543228,5967206,4841519,188997,629767,1638707,9374311,12556831,1656490,830025,2122969,1196541,1162803,,6290693,446285,8560963,2414725,2692293,7157187,33516315,4924125,847880,1028595,1093038,3840104,3262003,331265,1293581,370134,8624229,30828462,4197988,15096696,,,7995902,10166343,1967271,7046454,1902555,,7259005,,2309383,1244182,594587
2025-05-20,3369545,931404,7407662,397750,22122015,1594552,2166670,360679,1031505,1573635,15866561,72877297,828670,3828598,44702635,1664186,5124969,1906534,439049,9936180,4162927,1260620,1338395,3897993,12543228,5967206,4841519,188997,629767,1638707,9374311,12556831,1656490,830025,2122969,1196541,1162803,,6290693,446285,8560963,2414725,2692293,7157187,33516315,4924125,847880,1028595,1093038,3840104,3262003,331265,1293581,370134,8624229,30828462,4197988,15096696,,,7995902,10166343,1967271,7046454,1902555,,7259005,,2309383,1244182,594587
2025-05-21,3386714,936081,7445520,399705,22235179,1602745,2177774,362572,1036814,1581717,15947698,73250212,832917,3848169,44931373,1672676,5151233,1916281,441266,9986939,4184287,1267055,1345254,3917892,12607405,5997771,4866241,189934,632921,1647089,9422307,12621069,1664953,834270,2133792,1202579,1168806,,6322860,448529,8604795,2427109,2706092,7193769,33687706,4949298,852206,1033904,1098617,3859725,3278690,333023,1300251,372054,8668337,30986184,4219479,15173950,,,8036856,10218397,1977384,7082450,1912298,,7296115,,2321208,1250536,597608
2025-07-07,3403843,957905,7662971,406164,22747844,1653243,2232783,374278,1051655,1624572,16988478,74639880,856497,3936909,45712187,1708646,5287915,1989276,452531,10215779,4295314,1281223,1380173,4099169,12949445,6156203,4999810,194388,644989,1694935,9660586,12989830,1730154,858711,2180722,1234916,1167728,,6488643,458728,8762806,2392613,2786354,7422779,34837450,5073783,857296,1056182,1138020,3961113,3337508,344349,1333142,382384,8925610,31772950,4359114,14390594,,,8225004,10491019,2017658,7255579,1905486,,7528944,,2368399,1199092,614706
2025-07-08,3403843,957905,7662971,406164,22747844,1653243,2232783,374278,1051655,1624572,16988478,74639880,856497,3936909,45712187,1708646,5287915,1989276,452531,10215779,4295314,1281223,1380173,4099169,12949445,6156203,4999810,194388,644989,1694935,9660586,12989830,1730154,858711,2180722,1234916,1167728,,6488643,458728,8762806,2392613,2786354,7422779,34837450,5073783,857296,1056182,1138020,3961113,3337508,344349,1333142,382384,8925610,31772950,4359114,14390594,,,8225004,10491019,2017658,7255579,1905486,,7528944,,2368399,1199092,614706
2025-07-09,3403685,957864,7662379,406140,22746217,1653092,2232560,374209,1051649,1624485,16987361,74634716,856412,3936616,45708948,1708576,5287539,1989111,452479,10215023,4295025,1281150,1380035,4098901,12948577,6155869,4999429,194367,644907,1694747,9659938,12988916,1730020,858635,2180527,1234771,1167593,,6488177,458685,8762180,2392515,2786123,7422145,34835031,5073501,857220,1056085,1137940,3960847,3337260,344435,1333041,382324,8924909,31770775,4358815,14389678,,,8224413,10490250,2017529,7255102,1905395,1475700,7528463,,2368274,1198902,614679
2025-07-10,3393387,954993,7639269,404896,22677685,1648111,2225847,373070,1048463,1619588,16936118,74409568,853877,3924754,45571149,1703406,5271604,1983117,451088,10184250,4282087,1277308,1375957,4086614,12909532,6137257,4984339,193816,642965,1689619,9630692,12949745,1724887,855979,2173903,1231076,1164129,,6468552,457273,8735716,2385277,2777783,7399833,34729989,5058180,854685,1052878,1134460,3948901,3327193,343401,1329010,381264,8897999,31674897,4345667,14346245,,,8199634,10458653,2011430,7233236,1899574,1475286,7505694,,2361120,1195333,612842
2025-07-11,3390159,954087,7632009,404512,22656133,1646545,2223729,372716,1047467,1618046,16920020,74338840,853067,3921022,45527835,1701786,5266594,1981233,450662,10174572,4278019,1276096,1374649,4082732,12897262,6131425,4979599,193630,642353,1688011,9621536,12937439,1723249,855163,2171839,1229906,1163025,,6462402,456841,8727412,2383009,2775143,7392801,34696977,5053374,853875,1051876,1133380,3945145,3324031,343077,1327744,380904,8889539,31644789,4341539,14332607,,,8191840,10448711,2009516,7226360,1897768,1473882,7498560,,2358876,1194199,612260
2025-07-14,3395263,955595,7643589,405124,22690477,1649033,2227153,373288,1049095,1620502,16945684,74451560,854347,3926998,45596903,1704346,5274574,1984245,451330,10189984,4284543,1278012,1376693,4088916,12916822,6140701,4987219,193878,643369,1690655,9636144,12957055,1725833,856551,2175191,1231766,1164697,,6472302,457517,8740684,2386633,2779263,7403977,34749601,5061082,855155,1053512,1135120,3951153,3329047,343509,1329732,381384,8903019,31692841,4348151,14354391,,,8204232,10464567,2012568,7237328,1900676,1476154,7509972,,2362468,1196011,613136
2025-07-15,3392573,954840,7637539,404804,22672512,1647728,2225388,372993,1048265,1619217,16932269,74392610,853672,3923888,45560798,1702996,5270399,1982675,450975,10181914,4281153,1277002,1375603,4085681,12906597,6135841,4983269,193723,642859,1689315,9628514,12946795,1724468,855871,2173471,1230791,1163777,,6467177,457157,8733764,2384743,2777063,7398117,34722086,5057077,854480,1052677,1134220,3948023,3326412,343239,1328677,381084,8895969,31667746,4344706,14343026,,,8197737,10456282,2010973,7231598,1899171,1474984,7504027,,2360598,1195066,612651
2025-07-16,3395263,955595,7643589,405124,22690477,1649033,2227153,373288,1049095,1620502,16945684,74451560,854347,3926998,45596903,1704346,5274574,1984245,451330,10189984,4284543,1278012,1376693,4088916,12916822,6140701,4987219,193878,643369,1690655,9636144,12957055,1725833,856551,2175191,1231766,1164697,,6472302,457517,8740684,2386633,2779263,7403977,34749601,5061082,855155,1053512,1135120,3951153,3329047,343509,1329732,381384,8903019,31692841,4348151,14354391,,,8204232,10464567,2012568,7237328,1900676,1476154,7509972,,2362468,1196011,613136
2025-07-17,3411941,960276,7681099,407108,22801860,1657124,2238096,375117,1054241,1628469,17028857,74817050,858532,3946280,45820754,1712716,5300459,1993979,453531,10240018,4305561,1284274,1383451,4108973,12980217,6170833,5011709,194839,646531,1698963,9683450,13020667,1734296,860767,2185855,1237811,1170401,,6504077,459749,8783588,2398351,2792903,7440309,34920194,5085913,859340,1058689,1140700,3970559,3345384,345183,1336273,383244,8946729,31848430,4369510,14424854,,,8244501,10515934,2022457,7272854,1910007,1483408,7546831,,2374062,1201870,616143
2025-07-18,3415255,961129,7688429,407500,22823539,1658707,2240155,375494,1055239,1629940,17045106,74888320,859337,3950046,45864317,1714426,5305564,1995921,453944,10249760,4309595,1285480,1384805,4112914,12992552,6176749,5016479,195032,647137,1700567,9692728,13033023,1735915,861575,2187887,1240296,1171553,,6510252,460165,8791940,2400585,2795623,7447425,34953403,5090716,860145,1059690,1141740,3974337,3348565,345545,1337506,383624,8955259,31878687,4373577,14438573,,,8252398,10525905,2024314,7279692,1911810,1484810,7553998,,2376284,1203037,616734
2025-07-21,3417411,961737,7693277,407756,22837935,1659755,2241567,375730,1055903,1630968,17055858,74935560,859881,3952538,45893249,1715506,5308912,1997181,454232,10256224,4312315,1286292,1385677,4115510,13000748,6180645,5019643,195156,647545,1701639,9698840,13041243,1737011,862119,2189267,1479277,1172293,,6514360,460457,8797484,2402101,2797387,7452121,34975451,5093928,860689,1060358,1142460,3976845,3350677,345761,1338350,383868,8960907,31898795,4376337,14447681,,,8257602,10532545,2025590,7284284,1913014,1485746,7558762,,2377784,1203797,617122
2025-07-22,3417638,961873,7693893,407808,22839742,1659921,2241796,375717,1055941,1631169,17057142,74941397,859929,3952777,45896818,1715616,5309253,1997276,454328,10257012,4312655,1286371,1385751,4115767,13001805,6181127,5020006,195239,647531,1701763,9699544,13042258,1737193,862167,2189452,1483139,1172398,,6514871,460546,8798182,2402248,2797600,7452703,34978167,5094307,860737,1060389,1142600,3977156,3350981,345783,1338473,383941,8961623,31901306,4376707,14448742,,,8258295,10533425,2025757,7284848,1913207,1485808,7559425,,2377959,1203867,617143
2025-07-23,3421411,962937,7702377,408256,22864935,1661755,2244267,376130,1057103,1632968,17075958,75024060,860881,3957138,45947449,1717506,5315112,1999481,454832,10268324,4317415,1287792,1387277,4120310,13016148,6187945,5025543,195456,648245,1703639,9710240,13056643,1739111,863119,2191867,1484777,1173693,,6522060,461057,8807884,2404901,2800687,7460921,35016751,5099928,861689,1061558,1143860,3981545,3354677,346161,1339950,384368,8971507,31936495,4381537,14464681,,,8267402,10545045,2027990,7292884,1915314,1487446,7567762,,2380584,1205197,617822
2025-07-24,3422489,963241,7704801,408384,22872133,1662279,2244973,376248,1057435,1633482,17081334,75047680,861153,3958384,45961915,1718046,5316786,2000111,454976,10271556,4318775,1288198,1387713,4121608,13020246,6189893,5027125,195518,648449,1704175,9713298,13060753,1739659,863391,2192557,1485244,1174063,,6524114,461203,8810656,2405659,2801569,7463269,35027775,5101534,861961,1061892,1144220,3982799,3355733,346269,1340372,384490,8974331,31946549,4382917,14469235,,,8270004,10548365,2028628,7295180,1915916,1487914,7570144,,2381334,1205577,618016
2025-07-25,3428957,965065,7719345,409152,22915321,1665423,2249209,376956,1059427,1636566,17113590,75189400,862785,3965860,46048711,1721286,5326830,2003891,455840,10290948,4326935,1290634,1390329,4129396,13044834,6201581,5036617,195890,649673,1707391,9731634,13085413,1742947,865023,2196697,1488052,1176283,,6536438,462079,8827288,2410207,2806861,7477357,35093919,5111170,863593,1063896,1146380,3990323,3362069,346917,1342904,385222,8991275,32006873,4391197,14496559,,,8285616,10568285,2032456,7308956,1919528,1490722,7584436,,2385834,1207857,619180
2025-07-28,3431652,965825,7725405,409472,22933316,1666733,2250974,377251,1060257,1637851,17127030,75248442,863465,3968975,46084876,1722636,5331015,2005466,456200,10299028,4330335,1291649,1391419,4132641,13055079,6206451,5040572,196045,650183,1708731,9739274,13095688,1744317,865703,2198422,1489222,1177208,,6541573,462444,8834218,2412102,2809066,7483227,35121479,5115185,864273,1064731,1147280,3993458,3364709,347187,1343959,385527,8998335,32032008,4394647,14507944,,,8292121,10576585,2034051,7314696,1921033,1491892,7590391,,2387709,1208807,619665
2025-07-29,3440276,968257,7744797,410496,22990900,1670925,2256622,378195,1062913,1641963,17170038,75437386,865641,3978943,46200604,1726956,5344407,2010506,457352,10324884,4341215,1294897,1394907,4143025,13087863,6222035,5053228,196541,651815,1713019,9763722,13128568,1748701,867879,2203942,1492966,1180168,,6558005,463612,8856394,2418166,2816122,7502011,35209671,5128033,866449,1067403,1150160,4003490,3373157,348051,1347335,386503,9020927,32112440,4405687,14544376,,,8312937,10603145,2039155,7333064,1925849,1495636,7609447,,2393709,1211847,621217
2025-07-30,3430035,965369,7721769,409280,22922519,1665947,2249915,377074,1059759,1637080,17118966,75213015,863057,3967106,46063177,1721826,5328504,2004521,455984,10294180,4328295,1291040,1390765,4130694,13048932,6203529,5038199,195952,676577,1707927,9734690,13089523,1743495,865295,2197387,1488520,1176653,,6538492,462225,8830060,2410965,2807743,7479705,35104943,5112776,863865,1064230,1146740,3991577,3363125,347025,1343326,385344,8994099,32016927,4392577,14501113,,,8288218,10571605,2033094,7311252,1920130,1491190,7586818,,2386584,1208237,619374
2025-07-31,3432730,966129,7727829,409600,22940514,1667257,2251680,377369,1060589,1638365,17132406,75272055,863737,3970221,46099337,1723176,5332689,2006096,456344,10302260,4331695,1292055,1391855,4133939,13059177,6208399,5042154,196107,677107,1709267,9742330,13099798,1744865,865975,2199112,1489690,1177578,,6543627,462590,8836990,2412860,2809948,7485575,35132498,5116791,864545,1065065,1147640,3994712,3365765,347295,1344381,385644,9001159,32042062,4396027,14512498,,,8294723,10579905,2034689,7316992,1921635,1492360,7592773,,2388459,1209187,619859
2025-08-01,3440815,968409,7746009,410560,22994499,1671187,2256975,378254,1063079,1642220,17172726,75449205,865777,3979566,46207832,1727226,5345244,2010821,457424,10326500,4341895,1295100,1395125,4143674,13089912,6223009,5054019,196572,678697,1713287,9765265,13130623,1748975,868015,2204287,1493200,1180353,,6559032,463685,8857780,2418545,2816563,7503185,35215178,5128836,866585,1067570,1150340,4004117,3373685,348105,1347546,386559,9022339,32117467,4406377,14546653,,,8314238,10604805,2039474,7334212,1926150,1495870,7610638,,2394084,1212037,621314
2025-08-04,3440276,968257,7744797,410496,22990900,1670925,2256622,378195,1062913,1641963,17170038,75437395,865641,3978943,46200599,1726956,5344407,2010506,457352,10324884,4341215,1294897,1394907,4143025,13087863,6222035,5053228,196541,678591,1713019,9763736,13128568,1748701,867879,2203942,1492966,1180168,,6558005,463612,8856394,2418166,2816122,7502011,35209666,5128033,866449,1067403,1150160,4003490,3373157,348051,1347335,386498,9020927,32112440,4405687,14544376,,,8312937,10603145,2039155,7333064,1925849,1495636,7609447,,2393709,1211847,621217
2025-08-05,3438120,967649,7739949,410240,22976504,1669877,2255210,377959,1062249,1640935,17159286,75390155,865097,3976451,46171667,1725876,5341059,2009246,457064,10318420,4338495,1294085,1394035,4140429,13079667,6218139,5050064,196417,678167,1711947,9757620,13120348,1747605,867335,2202562,1492030,1179428,,6553897,463320,8850850,2416650,2814358,7497315,35187618,5124821,865905,1066735,1149440,4000982,3371045,347835,1346491,386254,9015279,32092332,4402927,14535268,,,8307733,10596505,2037879,7328472,1924645,1494700,7604683,,2392209,1211087,620829
2025-08-06,3440815,968409,7746009,410560,22994499,1671187,2256975,378254,1063079,1642220,17172726,75449205,865777,3979566,46207832,1727226,5345244,2010821,457424,10326500,4341895,1295100,1395125,4143674,13089912,6223009,5054019,196572,678697,1713287,9765265,13130623,1748975,868015,2204287,1493200,1180353,,6559032,463685,8857780,2418545,2816563,7503185,35215178,5128836,866585,1067570,1150340,4004117,3373685,348105,1347546,386559,9022339,32117467,4406377,14546653,,,8314238,10604805,2039474,7334212,1926150,1495870,7610638,,2394084,1212037,621314
2025-08-07,3439737,968105,7743585,410432,22987301,1670663,2256269,378136,1062747,1641706,17167350,75425585,865505,3978320,46193366,1726686,5343570,2010191,457280,10323268,4340535,1294694,1394689,4142376,13085814,6221061,5052437,196510,678485,1712751,9762207,13126513,1748427,867743,2203597,1492732,1179983,,6556978,463539,8855008,2417787,2815681,7500837,35204154,5127230,866313,1067236,1149980,4002863,3372629,347997,1347124,386437,9019515,32107413,4404997,14542099,,,8311636,10601485,2038836,7331916,1925548,1495402,7608256,,2393334,1211657,621120
2025-08-08,3439998,968153,7744173,410468,22989202,1670801,2256416,378177,1062881,1641849,17168762,75431775,865569,3978697,46197133,1726816,5344033,2010376,457308,10324152,4340955,1294791,1394771,4142727,13086865,6221587,5052846,196479,678579,1712883,9763078,13127658,1748553,867807,2203852,1492798,1180098,,6557451,463566,8855722,2418008,2815940,7501463,35207042,5127627,866377,1067369,1150100,4003136,3372901,348043,1347213,386476,9020303,32110086,4405307,14543322,,,8312335,10602325,2039017,7332568,1925747,1495568,7608865,,2393559,1211767,621223
2025-08-11,3439998,968153,7744173,410468,22989202,1670801,2256416,378177,1062881,1641849,17168762,75431775,865569,3978697,46197133,1726816,5344033,2010376,457308,10324152,4340955,1294791,1394771,4142727,13086865,6221587,5052846,196479,678579,1712883,9763078,13127658,1748553,867807,2203852,1492798,1180098,,6557451,463566,8855722,2418008,2815940,7501463,35207042,5127627,866377,1067369,1150100,4003136,3372901,348043,1347213,386476,9020303,32110086,4405307,14543322,,,8312335,10602325,2039017,7332568,1925747,1495568,7608865,,2393559,1211767,621223
2025-08-12,3439998,968153,7744173,410468,22989202,1670801,2256416,378177,1062881,1641849,17168762,75431775,865569,3978697,46197133,1726816,5344033,2010376,457308,10324152,4340955,1294791,1394771,4142727,13086865,6221587,5052846,196479,678579,1712883,9763078,13127658,1748553,867807,2203852,1492798,1180098,,6557451,463566,8855722,2418008,2815940,7501463,35207042,5127627,866377,1067369,1150100,4003136,3372901,348043,1347213,386476,9020303,32110086,4405307,14543322,,,8312335,10602325,2039017,7332568,1925747,1495568,7608865,,2393559,1211767,621223
2025-08-13,3443771,969217,7752664,410916,23014402,1672635,2258887,378590,1064043,1643648,17187585,75514466,866521,3983058,46247778,1728706,5349892,2012581,457812,10335471,4345715,1296212,1396297,4147270,13101208,6228405,5058383,196696,679321,1714759,9773781,13142050,1750471,868759,2206267,1494436,1181393,,6564640,464077,8865431,2420661,2819027,7509688,35245640,5133248,867329,1068538,1151360,4007525,3376597,348428,1348690,386903,9030194,32145289,4410137,14559268,,,8321449,10613945,2041250,7340604,1927861,1497206,7617209,,2396184,1213097,621902
2025-08-14,3437303,967393,7738108,410148,22971202,1669491,2254651,377882,1062051,1640564,17155317,75372710,864889,3975582,46160958,1725466,5339848,2008801,456948,10316067,4337555,1293776,1393681,4139482,13076620,6216717,5048891,196324,678049,1711543,9755433,13117378,1747183,867127,2202127,1491628,1179173,,6552316,463201,8848787,2416113,2813735,7495588,35179472,5123612,865697,1066534,1149200,4000001,3370261,347768,1346158,386171,9013238,32084941,4401857,14531932,,,8305825,10594025,2037422,7326828,1924237,1494398,7602905,,2391684,1210817,620738
2025-08-15,3437303,967393,7738108,410148,22971202,1669491,2254651,377882,1062051,1640564,17155317,75372710,864889,3975582,46160958,1725466,5339848,2008801,456948,10316067,4337555,1293776,1393681,4139482,13076620,6216717,5048891,196324,678049,1711543,9755433,13117378,1747183,867127,2202127,1491628,1179173,,6552316,463201,8848787,2416113,2813735,7495588,35179472,5123612,865697,1066534,1149200,4000001,3370261,347768,1346158,386171,9013238,32084941,4401857,14531932,,,8305825,10594025,2037422,7326828,1924237,1494398,7602905,,2391684,1210817,620738
2025-08-18,3437842,967545,7739321,410212,22974802,1669753,2255004,377941,1062217,1640821,17158006,75384523,865025,3976205,46168193,1725736,5340685,2009116,457020,10317684,4338235,1293979,1393899,4140131,13078669,6217691,5049682,196355,678155,1711811,9756962,13119434,1747457,867263,2202472,1491862,1179358,,6553343,463274,8850174,2416492,2814176,7496763,35184986,5124415,865833,1066701,1149380,4000628,3370789,347823,1346369,386232,9014651,32089970,4402547,14534210,,,8307127,10595685,2037741,7327976,1924539,1494632,7604097,,2392059,1211007,620835
2025-08-19,3437464,967441,7738495,410184,22972102,1669529,2254798,377923,1062085,1640607,17155928,75375597,864953,3975759,46162823,1725496,5340011,2008886,456876,10316450,4337675,1293873,1393763,4139633,13077171,6216943,5049100,196313,678043,1711575,9755804,13117822,1747209,867191,2202182,1491694,1179188,,6552589,463228,8849200,2416234,2813794,7495913,35180858,5123809,865761,1066567,1149220,4000174,3370333,347813,1346247,386210,9013525,32086112,4402067,14532554,,,8306123,10594365,2037503,7327080,1924235,1494464,7603213,,2391709,1210827,620741
2025-08-20,3435308,966833,7733643,409928,22957702,1668481,2253386,377687,1061421,1639579,17145172,75328345,864409,3973267,46133883,1724416,5336663,2007626,456588,10309982,4334955,1293061,1392891,4137037,13068971,6213047,5045936,196189,677619,1710503,9749688,13109598,1746113,866647,2200802,1490758,1178448,,6548481,462936,8843652,2414718,2812030,7491213,35158802,5120597,865217,1065899,1148500,3997666,3368221,347593,1345403,385966,9007873,32065996,4399307,14523442,,,8300915,10587725,2036227,7322488,1923027,1493528,7598445,,2390209,1210067,620353
2025-08-21,3443654,969161,7752525,410924,23013902,1672549,2258828,378613,1064045,1643577,17187218,75513027,866513,3982989,46246873,1728696,5349781,2012536,457796,10335320,4345575,1296203,1396343,4147123,13100971,6228283,5058310,196723,679303,1714755,9773594,13141782,1750449,868751,2206232,1494434,1181338,,6564559,464058,8865270,2420624,2818904,7509563,35244998,5133239,867321,1068537,1151320,4007444,3376513,348463,1348657,386860,9029955,32144602,4410067,14559034,,,8321243,10613765,2041293,7340460,1927755,1497204,7617033,,2396059,1213027,621911
2025-08-22,3441498,968553,7747673,410668,22999498,1671501,2257416,378377,1063381,1642549,17176462,75465763,865969,3980497,46217925,1727612,5346433,2011276,457508,10328852,4342855,1295391,1395471,4144527,13092771,6224383,5055142,196599,678879,1713683,9767478,13133558,1749353,868207,2204852,1493498,1180598,,6560451,463766,8859722,2419108,2817140,7504863,35222938,5130027,866777,1067869,1150600,4004936,3374401,348243,1347813,386616,9024303,32124482,4407307,14549922,,,8316035,10607121,2040017,7335864,1926547,1496268,7612265,,2394559,1212267,621523
2025-08-25,3444193,969313,7753738,410988,23017503,1672811,2259181,378672,1064216,1643834,17189912,75524848,866649,3983612,46254110,1728967,5350618,2012851,457868,10336937,4346255,1296406,1396566,4147772,13103021,6229258,5059102,196754,679409,1715023,9775123,13143843,1750723,868887,2206577,1494668,1181523,,6565586,464131,8866657,2421003,2819345,7510738,35250513,5134042,867457,1068704,1151500,4008071,3377041,348518,1348868,386921,9031368,32149632,4410757,14561312,,,8322545,10615426,2041612,7341609,1928057,1497438,7618225,,2396434,1213217,622008
2025-08-26,3444193,969313,7753738,410988,23017503,1672811,2259181,378672,1064216,1643834,17189912,75524848,866649,3983612,46254110,1728967,5350618,2012851,457868,10336937,4346255,1296406,1396566,4147772,13103021,6229258,5059102,196754,679409,1715023,9775123,13143843,1750723,868887,2206577,1494668,1181523,,6565586,464131,8866657,2421003,2819345,7510738,35250513,5134042,867457,1068704,1151500,4008071,3377041,348518,1348868,386921,9031368,32149632,4410757,14561312,,,8322545,10615426,2041612,7341609,1928057,1497438,7618225,,2396434,1213217,622008
2025-08-27,3444193,969313,7753738,410988,23017503,1672811,2259181,378672,1064216,1643834,17189912,75524848,866649,3983612,46254110,1728967,5350618,2012851,457868,10336937,4346255,1296406,1396566,4147772,13103021,6229258,5059102,196754,679409,1715023,9775123,13143843,1750723,868887,2206577,1494668,1181523,,6565586,464131,8866657,2421003,2819345,7510738,35250513,5134042,867457,1068704,1151500,4008071,3377041,348518,1348868,386921,9031368,32149632,4410757,14561312,,,8322545,10615426,2041612,7341609,1928057,1497438,7618225,,2396434,1213217,622008
2025-08-28,3444732,969465,7754951,411052,23021104,1673073,2259534,378731,1064383,1644091,17192602,75536665,866785,3984235,46261347,1729238,5351455,2013166,457940,10338554,4346935,1296609,1396785,4148421,13105071,6230233,5059894,196785,679515,1715291,9776652,13145900,1750997,869023,2206922,1494902,1181708,,6566613,464204,8868044,2421382,2819786,7511913,35256028,5134845,867593,1068871,1151680,4008698,3377569,348573,1349079,386982,9032781,32154662,4411447,14563590,,,8323847,10617087,2041931,7342758,1928359,1497672,7619417,,2396809,1213407,622105
2025-08-29,3444732,969465,7754951,411052,23021104,1673073,2259534,378731,1064383,1644091,17192602,75536665,866785,3984235,46261347,1729238,5351455,2013166,457940,10338554,4346935,1296609,1396785,4148421,13105071,6230233,5059894,196785,679515,1715291,9776652,13145900,1750997,869023,2206922,1494902,1181708,,6566613,464204,8868044,2421382,2819786,7511913,35256028,5134845,867593,1068871,1151680,4008698,3377569,348573,1349079,386982,9032781,32154662,4411447,14563590,,,8323847,10617087,2041931,7342758,1928359,1497672,7619417,,2396809,1213407,622105
2025-09-02,3442576,968857,7750099,410796,23006700,1672025,2258122,378495,1063715,1643063,17181842,75489397,866241,3981743,46232399,1728154,5348107,2011906,457652,10332086,4344215,1295797,1395909,4145825,13096871,6226333,5056726,196661,679091,1714219,9770536,13137672,1749901,868479,2205542,1493966,1180968,,6562505,463912,8862496,2419866,2818022,7507213,35233961,5131633,867049,1068203,1150960,4006190,3375457,348353,1348235,386738,9027129,32134542,4408687,14554478,,,8318639,10610443,2040655,7338162,1927151,1496736,7614649,,2395309,1212647,621717
2025-09-03,3438803,967793,7741608,410348,22981486,1670191,2255644,378082,1062546,1641264,17163012,75406671,865289,3977382,46181733,1726257,5342248,2009701,457148,10320767,4339455,1294376,1394376,4141282,13082521,6219508,5051182,196444,678349,1712343,9759826,13123273,1747983,867527,2203127,1492328,1179673,,6555316,463401,8852787,2417213,2814935,7498988,35195349,5126012,866097,1067034,1149700,4001801,3371761,347968,1346758,386311,9017238,32099325,4403857,14538532,,,8309525,10598816,2038422,7330119,1925037,1495098,7606305,,2392684,1211317,621038
2025-09-04,3443376,969057,7751899,410896,23012000,1672425,2258722,378595,1063915,1643463,17185842,75506597,866441,3982643,46242999,1728554,5349307,2012306,457752,10334386,4345215,1296097,1396209,4146825,13099871,6227733,5057826,196661,679191,1714519,9772736,13140672,1750301,868679,2206042,1494266,1181268,,6564005,464012,8864596,2420466,2818722,7508913,35242061,5132733,867249,1068403,1151160,4007190,3376257,348453,1348535,386838,9029229,32141942,4409687,14557778,,,8320539,10612843,2041055,7339862,1927651,1497036,7616449,,2395909,1212947,621817
2025-09-05,3443376,969057,7751899,410896,23012000,1672425,2258722,378595,1063915,1643463,17185842,75506597,866441,3982643,46242999,1728554,5349307,2012306,457752,10334386,4345215,1296097,1396209,4146825,13099871,6227733,5057826,196661,679191,1714519,9772736,13140672,1750301,868679,2206042,1494266,1181268,,6564005,464012,8864596,2420466,2818722,7508913,35242061,5132733,867249,1068403,1151160,4007190,3376257,348453,1348535,386838,9029229,32141942,4409687,14557778,,,8320539,10612843,2041055,7339862,1927651,1497036,7616449,,2395909,1212947,621817
2025-09-08,3441759,968601,7748260,410704,23001194,1671639,2257660,378418,1063414,1642692,17177772,75471140,866033,3980774,46221285,1727741,5346796,2011361,457536,10329532,4343175,1295488,1395552,4144878,13093721,6224808,5055450,196568,678873,1713715,9768146,13134501,1749479,868271,2205007,1493564,1180713,,6560924,463793,8860432,2419329,2817399,7505388,35225513,5130324,866841,1067902,1150620,4005309,3374673,348288,1347902,386655,9024990,32126849,4407617,14550941,,,8316633,10607860,2040098,7336415,1926745,1496334,7612873,,2394784,1212377,621526
2025-09-09,3442837,968905,7750686,410832,23008398,1672163,2258368,378536,1063748,1643206,17183152,75494778,866305,3982020,46235761,1728283,5348470,2011991,457680,10332768,4344535,1295894,1395990,4146176,13097821,6226758,5057034,196630,679085,1714251,9771206,13138615,1750027,868543,2205697,1494032,1181083,,6562978,463939,8863208,2420087,2818281,7507738,35236545,5131930,867113,1068236,1150980,4006563,3375729,348398,1348324,386777,9027816,32136911,4408997,14555499,,,8319237,10611182,2040736,7338713,1927349,1496802,7615257,,2395534,1212757,621720
2025-09-10,3442837,968905,7750686,410832,23008398,1672163,2258368,378536,1063748,1643206,17183152,75494778,866305,3982020,46235761,1728283,5348470,2011991,457680,10332768,4344535,1295894,1395990,4146176,13097821,6226758,5057034,196630,679085,1714251,9771206,13138615,1750027,868543,2205697,1494032,1181083,,6562978,463939,8863208,2420087,2818281,7507738,35236545,5131930,867113,1068236,1150980,4006563,3375729,348398,1348324,386777,9027816,32136911,4408997,14555499,,,8319237,10611182,2040736,7338713,1927349,1496802,7615257,,2395534,1212757,621720
2025-09-11,3440142,968145,7744621,410512,22990388,1670853,2256598,378241,1062913,1641921,17169702,75435683,865625,3978905,46199571,1726928,5344285,2010416,457320,10324678,4341135,1294879,1394895,4142931,13087566,6221883,5053074,196475,678555,1712911,9763556,13128330,1748657,867863,2203972,1492862,1180158,,6557843,463574,8856268,2418192,2816076,7501863,35208965,5127915,866433,1067401,1150080,4003428,3373089,348123,1347269,386472,9020751,32111756,4405547,14544104,,,8312727,10602877,2039141,7332968,1925839,1495632,7609297,,2393659,1211807,621235
2025-09-12,3443376,969057,7751899,410896,23012000,1672425,2258722,378595,1063915,1643463,17185842,75506597,866441,3982643,46242999,1728554,5349307,2012306,457752,10334386,4345215,1296097,1396209,4146825,13099872,6227733,5057826,196661,679191,1714519,9772736,13140672,1750301,868679,2206042,1494266,1181268,,6564005,464012,8864596,2420466,2818722,7508913,35242061,5132733,867249,1068403,1151160,4007190,3376257,348453,1348535,386838,9029229,32141942,4409687,14557778,,,8320539,10612843,2041055,7339862,1927651,1497036,7616449,,2395909,1212947,621817
2025-09-15,3444993,969513,7755538,411088,23022806,1673211,2259784,378772,1064416,1644234,17193912,75542054,866849,3984512,46264713,1729367,5351818,2013251,457968,10339240,4347255,1296706,1396866,4148772,13106025,6230658,5060202,196754,679509,1715323,9777326,13146843,1751123,869087,2207077,1494968,1181823,,6567086,464231,8868760,2421603,2820045,7512438,35258609,5135142,867657,1068904,1151700,4009071,3377841,348618,1349168,387021,9033468,32157035,4411757,14564615,,,8324445,10617826,2042012,7343309,1928557,1497738,7620025,,2397034,1213517,622108
2025-09-16,3446610,969969,7759177,411280,23033612,1673997,2260846,378949,1064917,1645005,17201982,75577511,867257,3986381,46286427,1730180,5354329,2014196,458184,10344094,4349295,1297315,1397523,4150719,13112178,6233583,5062578,196847,679827,1716127,9781916,13153014,1751945,869495,2208112,1495670,1182378,,6570167,464450,8872924,2422740,2821368,7515963,35275157,5137551,868065,1069405,1152240,4010952,3379425,348783,1349801,387204,9037707,32172128,4413827,14571452,,,8328351,10622809,2042969,7346756,1929463,1498440,7623601,,2398159,1214087,622399
2025-09-17,3541474,996721,7972665,422544,23667564,1720109,2323150,389333,1094309,1690237,17675422,77657655,891193,4096029,47560491,1777876,5501641,2069636,470856,10628862,4468975,1333043,1436067,4264943,13473154,6405183,5201970,202303,698483,1763295,10051196,13515046,1800169,893431,2268832,1536854,1214938,,6750919,477298,9117212,2489444,2898984,7722763,36246149,5278879,892001,1098797,1183920,4121304,3472353,358463,1386937,397940,9286395,33057584,4535267,14972556,,,8557503,10915145,2099113,7548980,1982615,1539624,7833393,,2464159,1247527,639471
2025-09-18,3540935,996569,7971452,422480,23663962,1719847,2322796,389274,1094142,1689980,17672732,77645835,891057,4095406,47553252,1777605,5500804,2069321,470784,10627244,4468295,1332840,1435848,4264294,13471103,6404208,5201178,202272,698377,1763027,10049666,13512989,1799895,893295,2268487,1536620,1214753,,6749891,477225,9115824,2489065,2898543,7721588,36240632,5278076,891865,1098630,1183740,4120677,3471824,358408,1386726,397879,9284982,33052552,4534577,14970277,,,8556200,10913484,2098793,7547831,1982313,1539390,7832201,,2463784,1247337,639374
2025-09-19,3482321,983383,7847873,417395,21862001,1707535,2289865,384934,1075921,1642658,18669680,71763952,880415,4009245,43647738,1756721,5483164,2046132,457236,10389574,4430340,1305895,1412850,4115480,13322093,6399172,5113060,197093,690105,1745861,10022718,11779704,1773193,883444,2236928,1519078,1177088,2222359,6587794,471559,8853723,2488955,2847920,7646897,35931308,5346825,881023,1083300,1136538,4073726,3357281,355104,1367691,393121,9187013,32508061,4600679,13833555,,,8460557,10772074,2069668,7463192,1953559,2653746,7710620,,2425664,1218418,621692
2025-09-22,3479596,982613,7841728,417070,21844881,1706200,2288070,384634,1075081,1641373,18655060,71707762,879725,4006105,43613563,1755346,5478869,2044532,456876,10381439,4426870,1304870,1411745,4112260,13311663,6394162,5109055,196938,689565,1744496,10014868,11770479,1771803,882754,2235178,1517888,1176168,2220619,6582634,471189,8846788,2487005,2845690,7640907,35903173,5342640,880333,1082450,1135648,4070536,3354651,354824,1366621,392811,9179818,32482606,4597079,13822725,,,8453932,10763639,2068048,7457347,1952029,2651666,7704580,,2423764,1217463,621207
2025-09-23,3482321,983383,7847873,417395,21862001,1707535,2289865,384934,1075926,1642658,18669680,71763957,880415,4009245,43647743,1756721,5483164,2046132,457236,10389574,4430340,1305895,1412850,4115485,13322093,6399172,5113060,197093,690105,1745861,10022718,11779704,1773193,883444,2236928,1519078,1177088,2222359,6587794,471559,8853723,2488955,2847920,7646897,35931308,5346825,881023,1083300,1136538,4073726,3357281,355104,1367691,393121,9187013,32508061,4600684,13833560,,,8460557,10772074,2069668,7463192,1953559,2653746,7710620,,2425664,1218418,621692
2025-09-24,3476871,981843,7835583,416745,21827761,1704865,2286275,384334,1074236,1640088,18640440,71651567,879035,4002965,43579383,1753971,5474574,2042932,456516,10373304,4423400,1303845,1410640,4109035,13301233,6389152,5105050,196783,689025,1743131,10007018,11761254,1770413,882064,2233428,1516698,1175248,2218879,6577474,470819,8839853,2485055,2843460,7634917,35875038,5338455,879643,1081600,1134758,4067346,3352021,354544,1365551,392501,9172623,32457151,4593474,13811890,,,8447307,10755204,2066428,7451502,1950499,2649586,7698540,,2421864,1216508,620722
2025-09-25,3475781,981535,7833125,416615,21820913,1704331,2285557,384214,1073898,1639574,18634592,71629087,878759,4001709,43565711,1753421,5472856,2042292,456372,10370050,4422012,1303435,1410198,4107745,13297059,6387148,5103448,196721,688809,1742585,10003878,11757564,1769857,881788,2232728,1516222,1174880,2218183,6575410,470671,8837079,2484275,2842568,7632521,35863782,5336781,879367,1081260,1134402,4066070,3350969,354432,1365123,392377,9169745,32446969,4592032,13807556,,,8444657,10751830,2065780,7449164,1949887,2648754,7696124,,2421104,1216126,620528
2025-09-26,3475781,981535,7833125,416615,21820913,1704331,2285557,384214,1073898,1639574,18634592,71629087,878759,4001709,43565711,1753421,5472856,2042292,456372,10370050,4422012,1303435,1410198,4107745,13297059,6387148,5103448,196721,688809,1742585,10003878,11757564,1769857,881788,2232728,1516222,1174880,2218183,6575410,470671,8837079,2484275,2842568,7632521,35863782,5336781,879367,1081260,1134402,4066070,3350969,354432,1365123,392377,9169745,32446969,4592032,13807556,,,8444657,10751830,2065780,7449164,1949887,2648754,7696124,,2421104,1216126,620528
2025-09-29,3487226,984769,7858934,417980,21892817,1709938,2293096,385474,1077447,1644971,18695996,71865127,881657,4014897,43709267,1759196,5490895,2049012,457884,10404217,4436586,1307740,1414839,4121290,13340886,6408190,5120269,197372,691077,1748318,10036848,11796309,1775695,884686,2240078,1521220,1178744,2225491,6597082,472225,8866206,2492465,2851934,7657679,35981970,5354358,882265,1084830,1138140,4079468,3362015,355608,1369617,393679,9199964,32553880,4607173,13853063,,,8472482,10787257,2072584,7473713,1956313,2657490,7721492,,2429084,1220137,622565
2025-09-30,3485001,984199,7853989,417755,21878897,1708803,2291701,385174,1076702,1643886,18684076,71819427,881067,4012357,43681487,1758121,5487400,2047712,457524,10397682,4433716,1306815,1413934,4118665,13332356,6404180,5117064,197217,690637,1747253,10030398,11788784,1774505,884096,2238628,1520230,1178024,2224051,6592922,471955,8860571,2490915,2850104,7652889,35959030,5350973,881675,1084080,1137450,4076878,3359885,355428,1368747,393469,9194069,32533125,4604268,13844328,,,8467057,10780422,2071264,7468968,1954983,2655810,7716552,,2427484,1219382,622180
2025-10-01,3491541,986047,7868737,418535,21919985,1712007,2296009,385894,1078730,1646970,18719164,71954307,882723,4019893,43763519,1761421,5497708,2051552,458388,10417206,4442044,1309275,1416586,4126405,13357400,6416204,5126676,197589,691933,1750529,10049238,11810924,1777841,885752,2242828,1523086,1180232,2228227,6605306,472843,8877215,2495595,2855456,7667265,36026566,5361017,883331,1086120,1139586,4084534,3366197,356100,1371315,394213,9211337,32594217,4612920,13870332,,,8482957,10800666,2075152,7482996,1958655,2660802,7731048,,2432044,1221674,623344
2025-10-02,3490451,985739,7866279,418405,21913137,1711473,2295291,385774,1078392,1646456,18713316,71931827,882447,4018637,43749847,1760871,5495990,2050912,458244,10413952,4440656,1308865,1416144,4125115,13353226,6414200,5125074,197527,691717,1749983,10046098,11807234,1777285,885476,2242128,1522610,1179864,2227531,6603242,472695,8874441,2494815,2854564,7664869,36015310,5359343,883055,1085780,1139230,4083258,3365145,355988,1370887,394089,9208459,32584035,4611478,13865998,,,8480307,10797292,2074504,7480658,1958043,2659970,7728632,,2431284,1221292,623150
2025-10-03,3486146,984453,7856618,417820,21886121,1709370,2292460,385334,1077071,1644443,18690300,71843167,881405,4013685,43695923,1758696,5489259,2048332,457696,10401109,4435210,1307320,1414455,4120010,13336843,6406282,5118665,197248,690845,1747826,10033768,11792729,1775083,884434,2239378,1520768,1178408,2224799,6595054,472129,8863458,2491705,2851050,7655387,35970958,5352710,882013,1084450,1137828,4078216,3361011,355484,1369161,393531,9197208,32543916,4605789,13848895,,,8469882,10784009,2071888,7471437,1955689,2656726,7719060,,2428264,1219773,622377
2025-10-06,3497046,987533,7881198,419120,21954621,1714710,2299640,386534,1080451,1649583,18748800,72068007,884165,4026245,43832663,1764196,5506439,2054752,459136,10433669,4449090,1311420,1418875,4132910,13378583,6426322,5134685,197868,693005,1753286,10065168,11829629,1780643,887194,2246378,1525528,1182088,2231759,6615694,473609,8891198,2499505,2859970,7679347,36083538,5369470,884773,1087850,1141388,4090976,3371531,356604,1373441,394771,9225988,32645756,4620209,13892235,,,8496382,10817749,2078368,7494817,1961809,2665046,7743220,,2435864,1223593,624317
2025-10-07,3500861,988611,7889801,419575,21978596,1716579,2302153,386954,1081634,1651382,18769275,72146701,885131,4030641,43880522,1766121,5512452,2056999,459640,10445065,4453948,1312855,1420422,4137425,13393192,6433336,5140292,198085,693761,1755197,10076158,11842544,1782589,888160,2248828,1527194,1183376,2234195,6622918,474127,8900907,2502235,2863092,7687733,36122941,5375336,885739,1089040,1142634,4095442,3375213,356996,1374939,395205,9236061,32681400,4625256,13907404,,,8505657,10829558,2080636,7503000,1963951,2667958,7751676,,2438524,1224930,624996
2025-10-08,3490506,985685,7866450,418340,21913521,1711506,2295332,385814,1078423,1646499,18713700,71933103,882509,4018709,43750619,1760896,5496131,2050900,458272,10414133,4440762,1308960,1416223,4125170,13353539,6414298,5125073,197496,691709,1750010,10046328,11807489,1777307,885538,2242178,1522672,1179880,2227583,6603310,472721,8874554,2494825,2854618,7664971,36015990,5359414,883117,1085810,1139252,4083320,3365219,355932,1370873,394027,9208720,32584652,4611557,13866231,,,8480482,10797505,2074480,7480789,1958137,2660054,7728724,,2431304,1221301,623153
2025-10-09,3494321,986763,7875053,418795,21937496,1713375,2297845,386234,1079606,1648298,18734175,72011797,883475,4023105,43798478,1762821,5502144,2053147,458776,10425529,4445620,1310395,1417770,4129685,13368148,6421312,5130680,197713,692465,1751921,10057318,11820404,1779253,886504,2244628,1524338,1181168,2230019,6610534,473239,8884263,2497555,2857740,7673357,36055393,5365280,884083,1087000,1140498,4087786,3368901,356324,1372371,394461,9218793,32620296,4616604,13881400,,,8489757,10809314,2076748,7488972,1960279,2662966,7737180,,2433964,1222638,623832
2025-10-10,3485585,984299,7855389,417755,21882696,1709103,2292101,385274,1076902,1644186,18687375,71831909,881267,4013057,43689070,1758421,5488400,2048011,457624,10399481,4434516,1307115,1414234,4119365,13334756,6405264,5117864,197217,690737,1747537,10032198,11790884,1774805,884296,2239028,1520530,1178224,2224451,6594022,472055,8862071,2491315,2850604,7654189,35965329,5351872,881875,1084280,1137650,4077578,3360485,355428,1368947,393469,9195769,32538808,4605068,13846728,,,8468557,10782306,2071564,7470268,1955383,2656310,7717852,,2427884,1219582,622280
2025-10-13,3489407,985377,7863999,418210,21906671,1710979,2294614,385694,1078085,1645985,18707850,71910617,882233,4017453,43736943,1760346,5494413,2050258,458128,10410877,4439374,1308550,1415781,4123880,13349365,6412285,5123471,197434,691493,1749455,10043188,11803806,1776751,885262,2241478,1522196,1179512,2226887,6601246,472573,8871780,2494045,2853726,7662575,36004739,5357738,882841,1085470,1138896,4082044,3364167,355820,1370445,393903,9205842,32574459,4610115,13861897,,,8477839,10794122,2073832,7478451,1957525,2659222,7726308,,2430544,1220919,622959
2025-10-14,3485585,984299,7855389,417755,21882696,1709103,2292101,385274,1076902,1644186,18687375,71831909,881267,4013057,43689077,1758421,5488400,2048011,457624,10399481,4434516,1307115,1414234,4119365,13334756,6405264,5117864,197217,690737,1747537,10032198,11790884,1774805,884296,2239028,1520530,1178224,2224451,6594022,472055,8862071,2491315,2850604,7654189,35965329,5351872,881875,1084280,1137650,4077578,3360485,355428,1368947,393469,9195769,32538808,4605068,13846728,,,8468557,10782306,2071564,7470268,1955383,2656310,7717852,,2427884,1219582,622280
2025-10-15,3486131,984453,7856619,417820,21886121,1709371,2292460,385334,1077071,1644443,18690300,71843153,881405,4013685,43695915,1758696,5489259,2048332,457696,10401109,4435210,1307320,1414455,4120010,13336843,6406267,5118665,197248,690845,1747811,10033768,11792730,1775083,884434,2239378,1520768,1178408,2224799,6595054,472129,8863458,2491705,2851050,7655387,35970959,5352710,882013,1084450,1137828,4078216,3361011,355484,1369161,393531,9197208,32543901,4605789,13848895,,,8469883,10783994,2071888,7471437,1955689,2656726,7719060,,2428264,1219773,622377
2025-10-16,3491591,985993,7868919,418470,21920371,1712051,2296050,385934,1078761,1647013,18719550,71955593,882785,4019965,43764295,1761446,5497849,2051542,458416,10417389,4442150,1309370,1416665,4126460,13357713,6416297,5126675,197558,691925,1750551,10049468,11811190,1777863,885814,2242878,1523148,1180248,2228279,6605374,472869,8877328,2495605,2855510,7667367,36027249,5361090,883393,1086150,1139608,4084596,3366271,356044,1371301,394151,9211598,32594831,4612999,13870565,,,8483143,10800874,2075128,7483127,1958749,2660886,7731140,,2432064,1221683,623347
2025-10-17,3498689,987995,7884909,419315,21964896,1715535,2300717,386714,1080958,1650354,18757575,72101765,884579,4028129,43853189,1765021,5509016,2055715,459352,10438553,4451172,1312035,1419538,4134845,13384844,6429336,5137088,197961,693329,1754113,10069878,11835188,1781477,887608,2247428,1526242,1182640,2232803,6618790,473831,8895359,2500675,2861308,7682941,36100426,5371984,885187,1088360,1141922,4092890,3373109,356772,1374083,394957,9230305,32661040,4622372,13898736,,,8500381,10822818,2079340,7498324,1962727,2666294,7746844,,2437004,1224166,624608
2025-10-20,3503657,989427,7895949,419935,21995896,1717979,2303889,387294,1082510,1652710,18783975,72203409,885783,4033853,43915093,1767521,5516688,2058683,460028,10453277,4457424,1313875,1421506,4140605,13403640,6438360,5144396,198309,694393,1756605,10084038,11851856,1784001,888812,2250628,1528346,1184312,2235987,6628146,474523,8907955,2504195,2865376,7693725,36151358,5379588,886391,1089920,1143546,4098694,3377917,357320,1375995,395553,9243317,32707184,4628940,13918272,,,8512389,10838122,2082332,7508876,1965475,2670022,7757808,,2440444,1225894,625484
2025-10-21,3504749,989735,7898409,420065,22002746,1718515,2304607,387414,1082848,1653224,18789825,72225895,886059,4035109,43928769,1768071,5518406,2059325,460172,10456533,4458812,1314285,1421948,4141895,13407814,6440366,5145998,198371,694609,1757153,10087178,11855548,1784557,889088,2251328,1528822,1184680,2236683,6630210,474671,8910729,2504975,2866268,7696121,36162616,5381264,886667,1090260,1143902,4099970,3378969,357432,1376423,395677,9246195,32717370,4630382,13922606,,,8515041,10841498,2082980,7511214,1966087,2670854,7760224,,2441204,1226276,625678
2025-10-22,3499289,988195,7886109,419415,21968496,1715835,2301017,386814,1081158,1650654,18760575,72113455,884679,4028829,43860389,1765321,5509816,2056115,459452,10440253,4451872,1312235,1419738,4135445,13386944,6430336,5137988,198061,693529,1754413,10071478,11837088,1781777,887708,2247828,1526442,1182840,2233203,6619890,473931,8896859,2501075,2861808,7684141,36106316,5372884,885287,1088560,1142122,4093590,3373709,356872,1374283,395057,9231805,32666440,4623172,13900936,,,8501781,10824618,2079740,7499524,1963027,2666694,7748144,,2437404,1224366,624708
2025-10-23,3499835,988349,7887339,419480,21971921,1716103,2301376,386874,1081327,1650911,18763500,72124699,884817,4029457,43867227,1765596,5510675,2056436,459524,10441881,4452566,1312440,1419959,4136090,13389031,6431339,5138789,198092,693637,1754687,10073048,11838934,1782055,887846,2248178,1526680,1183024,2233551,6620922,474005,8898246,2501465,2862254,7685339,36111945,5373722,885425,1088730,1142300,4094228,3374235,356928,1374497,395119,9233244,32671533,4623893,13903103,,,8503107,10826306,2080064,7500693,1963333,2667110,7749352,,2437784,1224557,624805
2025-10-24,3514577,992507,7920549,421235,22064396,1723339,2311069,388494,1085890,1657850,18842475,72428287,888543,4046413,44051853,1773021,5533868,2065103,461468,10485837,4471304,1317975,1425926,4153505,13445380,6458420,5160416,198929,696553,1762085,10115438,11888776,1789561,891572,2257628,1533106,1187992,2242947,6648786,476003,8935695,2511995,2874296,7717685,36263928,5396348,889151,1093320,1147106,4111454,3388437,358440,1380275,396793,9272097,32809044,4643360,13961612,,,8538909,10871882,2088812,7532256,1971595,2678342,7781968,,2448044,1229714,627424
2025-10-27,3500927,988657,7889799,419610,21978771,1716639,2302094,386994,1081665,1651425,18769350,72147212,885093,4030713,43880903,1766146,5512393,2057078,459668,10445137,4453954,1312850,1420401,4137380,13393205,6433345,5140391,198154,693853,1755235,10076188,11842626,1782611,888122,2248878,1527156,1183392,2234247,6622986,474153,8901020,2502245,2863146,7687735,36123203,5375398,885701,1089070,1142656,4095504,3375287,357040,1374925,395243,9236122,32681719,4625335,13907437,,,8505759,10829682,2080712,7503031,1963945,2667942,7751768,,2438544,1224939,624999
2025-10-28,3517853,993431,7927929,421625,22084946,1724947,2313223,388854,1086904,1659392,18860025,72495745,889371,4050181,44092881,1774671,5539022,2067029,461900,10495605,4475468,1319205,1427252,4157375,13457902,6464438,5165222,199115,697201,1763729,10124858,11899852,1791229,892400,2259728,1534534,1189096,2245035,6654978,476447,8944017,2514335,2876972,7724873,36297702,5401376,889979,1094340,1148174,4115282,3391593,358776,1381559,397165,9280731,32839602,4647686,13974614,,,8546865,10882010,2090756,7539270,1973431,2680838,7789216,,2450324,1230860,628006
2025-10-29,3521675,994509,7936539,422080,22108921,1726823,2315736,389274,1088087,1661191,18880500,72574446,890337,4054577,44140747,1776596,5545035,2069276,462404,10507001,4480326,1320640,1428799,4161890,13472511,6471459,5170829,199332,697957,1765647,10135848,11912774,1793175,893366,2262178,1536200,1190384,2247471,6662202,476965,8953726,2517065,2880094,7733259,36337105,5407242,890945,1095530,1149420,4119748,3395275,359168,1383057,397599,9290804,32875253,4652733,13989783,,,8556147,10893826,2093024,7547453,1975573,2683750,7797672,,2452984,1232197,628685
2025-10-30,3519491,993893,7931619,421820,22095221,1725751,2314300,389034,1087411,1660163,18868800,72529474,889785,4052065,44113395,1775496,5541599,2067992,462116,10500489,4477550,1319820,1427915,4159310,13464163,6467447,5167625,199208,697525,1764551,10129568,11905390,1792063,892814,2260778,1535248,1189648,2246079,6658074,476669,8948178,2515505,2878310,7728467,36314589,5403890,890393,1094850,1148708,4117196,3393171,358944,1382201,397351,9285048,32854881,4649849,13981115,,,8550843,10887074,2091728,7542777,1974349,2682086,7792840,,2451464,1231433,628297
2025-10-31,3519491,993893,7931619,421820,22095221,1725751,2314300,389034,1087411,1660163,18868800,72529474,889785,4052065,44113395,1775496,5541599,2067992,462116,10500489,4477550,1319820,1427915,4159310,13464163,6467447,5167625,199208,697525,1764551,10129568,11905390,1792063,892814,2260778,1535248,1189648,2246079,6658074,476669,8948178,2515505,2878310,7728467,36314589,5403890,890393,1094850,1148708,4117196,3393171,358944,1382201,397351,9285048,32854881,4649849,13981115,,,8550843,10887074,2091728,7542777,1974349,2682086,7792840,,2451464,1231433,628297
2025-11-03,3513441,992223,7918069,421135,22057409,1722771,2310385,388334,1085466,1657278,18836475,72405345,888295,4045125,44037798,1772441,5532204,2064387,461356,10482449,4469880,1317495,1425510,4152185,13441128,6456332,5158720,198813,696305,1761481,10112218,11885000,1788973,891324,2256908,1532618,1187628,2242219,6646714,475819,8932843,2511255,2873380,7715277,36252337,5394600,888903,1092960,1146718,4110206,3387341,358304,1379891,396681,9269146,32798609,4641844,13957233,,,8536113,10868434,2088108,7529932,1971019,2677506,7779500,,2447264,1229378,627292
2025-11-04,3513441,992223,7918069,421135,22057409,1722771,2310385,388334,1085466,1657278,18836475,72405345,888295,4045125,44037798,1772441,5532204,2064387,461356,10482449,4469880,1317495,1425510,4152185,13441128,6456332,5158720,198813,696305,1761481,10112218,11885000,1788973,891324,2256908,1532618,1187628,2242219,6646714,475819,8932843,2511255,2873380,7715277,36252337,5394600,888903,1092960,1146718,4110206,3387341,358304,1379891,396681,9269146,32798609,4641844,13957233,,957500,8536113,10868434,2088108,7529932,1971019,2677506,7779500,,2447264,1229378,627292
2025-11-05,3510171,991299,7910701,420745,22036877,1721169,2308237,387974,1084458,1655736,18818937,72337941,887467,4041357,43996800,1770791,5527056,2062467,460924,10472693,4465716,1316271,1424184,4148321,13428618,6450320,5153920,198627,695657,1759843,10102804,11873936,1787305,890496,2254808,1531190,1186524,2240131,6640528,475375,8924527,2508915,2870704,7708095,36218587,5389578,888075,1091940,1145650,4106378,3384185,357968,1378607,396309,9260518,32768075,4637524,13944243,,956612,8528169,10858318,2086164,7522924,1969183,2675016,7772258,,2444984,1228232,626710
2025-11-06,3506901,990375,7903333,420355,22016345,1719567,2306089,387614,1083450,1654194,18801399,72270537,886639,4037589,43955802,1769141,5521908,2060547,460492,10462937,4461552,1315047,1422858,4144457,13416108,6444308,5149120,198441,695009,1758205,10093390,11862872,1785637,889668,2252708,1529762,1185420,2238043,6634342,474931,8916211,2506575,2868028,7700913,36184837,5384556,887247,1090920,1144582,4102550,3381029,357632,1377323,395937,9251890,32737541,4633204,13931253,,955724,8520225,10848202,2084220,7515916,1967347,2672526,7765016,,2442704,1227086,626128
2025-11-07,3512896,992069,7916841,421070,22053987,1722504,2310027,388274,1085298,1657021,18833552,72394111,888157,4044497,44030965,1772166,5531346,2064067,461284,10480823,4469186,1317291,1425289,4151541,13439043,6455330,5157920,198782,696197,1761208,10110649,11883156,1788695,891186,2256558,1532380,1187444,2241871,6645683,475745,8931457,2510865,2872934,7714080,36246712,5393763,888765,1092790,1146540,4109568,3386815,358248,1379677,396619,9267708,32793520,4641124,13955068,,957352,8534789,10866748,2087784,7528764,1970713,2677091,7778293,,2446884,1229187,627195
2025-11-10,3516166,992993,7924209,421460,22074519,1724106,2312175,388634,1086306,1658563,18851084,72461515,888985,4048265,44071963,1773816,5536494,2065987,461716,10490579,4473350,1318515,1426615,4155405,13451553,6461342,5162720,198968,696845,1762846,10120063,11894220,1790363,892014,2258658,1533808,1188548,2243959,6651869,476189,8939773,2513205,2875610,7721262,36280462,5398785,889593,1093810,1147608,4113396,3389971,358584,1380961,396991,9276336,32824054,4645444,13968058,,958240,8542733,10876864,2089728,7535772,1972549,2679581,7785535,,2449164,1230333,627777
2025-11-11,3518176,993501,7928765,421710,22087323,1725080,2313491,388874,1086942,1659577,18862028,72503583,889461,4050621,44097627,1774846,5539710,2067187,461960,10496731,4475938,1319323,1427457,4157893,13459423,6465146,5165720,199080,697221,1763892,10126001,11901108,1791419,892530,2259958,1534684,1189216,2245255,6655731,476457,8944945,2514685,2877302,7725736,36301612,5401959,890069,1094430,1148264,4115772,3391923,358816,1381749,397195,9281712,32843032,4648084,13976148,,958536,8547781,10883136,2090976,7540108,1973661,2681111,7790049,,2450624,1231015,628131
2025-11-12,3526351,995811,7947200,422685,22138668,1729085,2318876,389774,1089462,1663432,18905873,72672138,891531,4060041,44200137,1778971,5552595,2071987,463040,10521136,4486348,1322383,1430772,4167553,13490713,6480176,5177735,199545,698841,1767987,10149536,11928768,1795589,894600,2265208,1538254,1191976,2250475,6671196,477567,8965735,2520535,2883992,7743691,36386002,5414514,892139,1096980,1150934,4125342,3399813,359656,1384959,398125,9303282,32919382,4658884,14008638,,960756,8567656,10908441,2095836,7557643,1978251,2687351,7808154,,2456324,1233880,629586
2025-11-13,3518176,993501,7928765,421710,22087323,1725080,2313491,388874,1086942,1659577,18862028,72503583,889461,4050621,44097627,1774846,5539710,2067187,461960,10496731,4475938,1319323,1427457,4157893,13459423,6465146,5165720,199080,697221,1763892,10126001,11901108,1791419,892530,2259958,1534684,1189216,2245255,6655731,476457,8944945,2514685,2877302,7725736,36301612,5401959,890069,1094430,1148264,4115772,3391923,358816,1381749,397195,9281712,32843032,4648084,13976148,,958536,8547781,10883136,2090976,7540108,1973661,2681111,7790049,,2450624,1231015,628131
2025-11-14,3526351,995811,7947200,422685,22138668,1729085,2318876,389774,1089462,1663432,18905873,72672138,891531,4060041,44200137,1778971,5552595,2071987,463040,10521136,4486348,1322383,1430772,4167553,13490713,6480176,5177735,199545,698841,1767987,10149536,11928768,1795589,894600,2265208,1538254,1191976,2250475,6671196,477567,8965735,2520535,2883992,7743691,36386002,5414514,892139,1096980,1150934,4125342,3399813,359656,1384959,398125,9303282,32919382,4658884,14008638,,960756,8567656,10908441,2095836,7557643,1978251,2687351,7808154,,2456324,1233880,629586
2025-11-17,3524716,995349,7943513,422490,22128399,1728284,2317799,389594,1088958,1662661,18897104,72638430,891117,4058157,44179635,1778146,5550018,2071027,462824,10516255,4484266,1321771,1430109,4165621,13484455,6477170,5175332,199452,698517,1767168,10144829,11923236,1794755,894186,2264158,1537540,1191424,2249431,6668103,477345,8961577,2519365,2882654,7740100,36369124,5412003,891725,1096470,1150400,4123428,3398235,359488,1384317,397939,9298968,32904112,4656724,14002140,,960312,8563681,10903380,2094864,7554136,1977333,2686103,7804533,,2455184,1233307,629295
2025-11-18,3531256,997197,7958261,423270,22169475,1731488,2322107,390314,1090974,1665745,18932180,72773274,892773,4065693,44261643,1781446,5560326,2074867,463688,10535779,4492594,1324219,1432761,4173349,13509487,6489194,5184944,199824,699813,1770444,10163657,11945364,1798091,895842,2268358,1540396,1193632,2253607,6680475,478233,8978209,2524045,2888006,7754464,36436636,5422047,893381,1098510,1152536,4131084,3404547,360160,1386885,398683,9316224,32965192,4665364,14028132,,962088,8579581,10923624,2098752,7568164,1981005,2691095,7819017,,2459744,1235599,630459
2025-11-19,3532346,997505,7960719,423400,22176321,1732022,2322825,390434,1091310,1666259,18938026,72795748,893049,4066949,44275311,1781996,5562044,2075507,463832,10539033,4493982,1324627,1433203,4174637,13513659,6491198,5186546,199886,700029,1770990,10166795,11949052,1798647,896118,2269058,1540872,1194000,2254303,6682539,478381,8980981,2524825,2888898,7756858,36447888,5423721,893657,1098850,1152892,4132360,3405599,360272,1387313,398807,9319102,32975372,4666804,14032464,,962384,8582231,10926998,2099400,7570502,1981617,2691927,7821431,,2460504,1235981,630653
2025-11-20,3554146,1003665,8009879,426000,22313241,1742702,2337185,392834,1098030,1676539,19054946,73245228,898569,4092069,44548711,1792996,5596404,2088307,466712,10604113,4521742,1332787,1442043,4200397,13597099,6531278,5218586,201126,704349,1781910,10229555,12022852,1809767,901638,2283058,1550392,1201360,2268223,6723819,481341,9036421,2540425,2906738,7804738,36672928,5457201,899177,1105650,1160012,4157880,3426639,362512,1395873,401287,9376662,33178972,4695604,14119104,,968304,8635231,10994478,2112360,7617262,1993857,2708567,7869711,,2475704,1243621,634533
2025-11-21,3556396,1004273,8014937,426290,22327207,1743836,2338623,393114,1098766,1677553,19066892,73290902,899145,4094625,44576481,1794146,5599822,2089627,466956,10610667,4524530,1333595,1442885,4202985,13605571,6535382,5221888,201248,704805,1783056,10235893,12030382,1810923,902194,2284478,1551348,1202128,2269639,6727983,481609,9042093,2541905,2908530,7809652,36695780,5460575,899753,1106350,1160768,4160456,3428791,362704,1396781,401531,9382540,33199752,4698644,14127956,,968600,8640581,11001352,2113708,7622000,1995069,2710199,7874625,,2477264,1244403,634967
2025-11-24,3555851,1004119,8013708,426225,22323783,1743569,2338264,393054,1098597,1677296,19063968,73279662,899007,4093997,44569645,1793871,5598963,2089307,466884,10609040,4523836,1333390,1442664,4202340,13603484,6534380,5221087,201217,704697,1782783,10234323,12028537,1810645,902056,2284128,1551110,1201944,2269291,6726951,481535,9040706,2541515,2908084,7808454,36690152,5459738,899615,1106180,1160590,4159818,3428265,362648,1396567,401469,9381101,33194660,4697923,14125789,,968452,8639256,10999665,2113384,7620831,1994763,2709783,7873417,,2476884,1244212,634870
2025-11-25,3554216,1003657,8010021,426030,22313511,1742768,2337187,392874,1098090,1676525,19055196,73245942,898593,4092113,44549137,1793046,5596386,2088347,466668,10604159,4521754,1332775,1442001,4200405,13597223,6531374,5218684,201124,704373,1781964,10229613,12023002,1809811,901642,2283078,1550396,1201392,2268247,6723855,481313,9036545,2540345,2906746,7804860,36673268,5457227,899201,1105670,1160056,4157904,3426687,362480,1395925,401283,9376784,33179384,4695760,14119288,,968008,8635281,10994604,2112412,7617324,1993845,2708535,7869793,,2475744,1243639,634579
2025-11-26,3563481,1006275,8030914,427135,22371719,1747307,2343290,393894,1100963,1680894,19104904,73437022,900939,4102789,44665366,1797721,5610989,2093787,467892,10631818,4533552,1336260,1445758,4211370,13632702,6548408,5232301,201651,706209,1786605,10256303,12054367,1814537,903988,2289028,1554442,1204520,2274163,6741399,482571,9060124,2546975,2914328,7825226,36768944,5471456,901547,1108560,1163082,4168750,3435629,363432,1399563,402337,9401247,33265948,4708017,14156127,,970524,8657806,11023283,2117920,7637197,1999047,2715607,7890329,,2482204,1246886,636228
2025-11-28,3553096,1003389,8007453,425870,22306543,1742224,2336459,392754,1097742,1676081,19049288,73223162,898297,4090837,44535233,1792486,5594658,2087707,466544,10600875,4520406,1332415,1441569,4199165,13593019,6529290,5216992,201052,704157,1781348,10226473,12019242,1809235,901386,2282398,1549940,1200964,2267551,6721711,481185,9033741,2539565,2905814,7802404,36661892,5455523,898905,1105310,1159680,4156608,3425595,362368,1395477,401139,9373796,33169020,4694228,14114864,638600,967292,8632581,10991200,2111704,7614976,1993193,2707763,7867357,,2474984,1243267,634355
2025-12-01,3552006,1003081,8004999,425740,22299705,1741690,2335743,392634,1097406,1675567,19043448,73200714,898021,4089583,44521581,1791936,5592942,2087067,466400,10597625,4519020,1332007,1441127,4197877,13588851,6527288,5215392,200990,703941,1780802,10223337,12015558,1808681,901110,2281698,1549464,1200596,2266855,6719651,481037,9030971,2538787,2904924,7800012,36650652,5453851,898629,1104972,1159324,4155334,3424545,362256,1395049,401017,9370922,33158852,4692788,14110536,638404,966996,8629935,10987830,2111056,7612642,1992581,2706933,7864945,,2474226,1242885,634161
2025-12-02,3548736,1002157,7997637,425350,22279191,1740088,2333595,392274,1096398,1674025,19025928,73133370,897193,4085821,44480625,1790286,5587794,2085147,465968,10587875,4514862,1330783,1439801,4194013,13576347,6521282,5210592,200804,703293,1779164,10213929,12004506,1807019,900282,2279598,1548036,1199492,2264767,6713471,480593,9022661,2536453,2902254,7792836,36616932,5448835,897801,1103958,1158256,4151512,3421395,361920,1393765,400651,9362300,33128348,4688468,14097552,637816,966108,8621997,10977720,2109112,7605640,1990745,2704443,7857709,,2471952,1241739,633579
2025-12-03,3549826,1002465,8000091,425480,22286029,1740622,2334311,392394,1096734,1674539,19031768,73155818,897469,4087075,44494277,1790836,5589510,2085787,466112,10591125,4516248,1331191,1440243,4195301,13580515,6523284,5212192,200866,703509,1779710,10217065,12008190,1807573,900558,2280298,1548512,1199860,2265463,6715531,480741,9025431,2537231,2903144,7795228,36628172,5450507,898077,1104296,1158612,4152786,3422445,362032,1394193,400773,9365174,33138516,4689908,14101880,638012,966404,8624643,10981090,2109760,7607974,1991357,2705273,7860121,,2472710,1242121,633773
2025-12-04,3546066,1001433,7991575,425040,22262277,1738766,2331847,391954,1095590,1672683,19011408,73077826,896565,4082659,44446869,1788916,5583546,2083547,465636,10579825,4511404,1329759,1438775,4190749,13565943,6516376,5206692,200658,702765,1777826,10206121,11995374,1805657,899574,2277858,1546848,1198588,2263039,6708391,480229,9015851,2534519,2900084,7786940,36589112,5444719,897073,1103104,1157388,4148290,3418745,361624,1392721,400365,9355178,33103144,4684948,14086848,637228,965320,8615459,10969310,2107568,7599838,1989309,2702353,7851773,,2470078,1240793,633117
2025-12-05,3540616,999893,7979305,424390,22228087,1736096,2328267,391354,1093910,1670113,18982208,72965586,895185,4076389,44378599,1786166,5574966,2080347,464916,10563575,4504474,1327719,1436565,4184309,13545103,6506366,5198692,200348,701685,1775096,10190441,11976954,1802887,898194,2274358,1544468,1196748,2259559,6698091,479489,9002001,2530629,2895634,7774980,36532912,5436359,895693,1101414,1155608,4141920,3413495,361064,1390581,399755,9340808,33052304,4677748,14065208,636248,963840,8602229,10952460,2104328,7588168,1986249,2698203,7839713,,2466288,1238883,632147
2025-12-08,3536536,998738,7970095,423895,22202437,1734086,2325582,390904,1092650,1668193,18960308,72881406,894150,4071679,44327389,1784111,5568531,2077947,464376,10551380,4499284,1326189,1434915,4179479,13529473,6498866,5192692,200123,700875,1773041,10178681,11963139,1800802,897159,2271733,1542683,1195368,2256949,6690366,478934,8991621,2527704,2892289,7766010,36490762,5430089,894658,1100139,1154273,4137135,3409550,360644,1388976,399290,9330038,33014174,4672348,14048978,635513,962730,8592299,10939830,2101898,7579408,1983954,2695083,7830668,,2463438,1237458,631412
2025-12-09,3530008,996890,7955359,423103,22161397,1730870,2321286,390184,1090634,1665121,18925268,72746718,892494,4064143,44245453,1780823,5558235,2074107,463512,10531868,4490980,1323741,1432275,4171751,13504465,6486866,5183092,199763,699579,1769753,10159865,11941035,1797466,895503,2267533,1539827,1193160,2252773,6678006,478046,8975013,2523024,2886937,7751658,36423322,5420057,893002,1098099,1152137,4129479,3403238,359972,1386408,398546,9312806,32953166,4663708,14023010,634337,960954,8576411,10919622,2098010,7565392,1980282,2690091,7816196,,2458878,1235178,630236
2025-12-10,3527288,996120,7949219,422773,22144297,1729530,2319496,389884,1089794,1663841,18910668,72690588,891804,4061003,44211313,1779453,5553945,2072507,463152,10523738,4487520,1322721,1431165,4168531,13494045,6481866,5179092,199613,699039,1768383,10152025,11931825,1796076,894813,2265783,1538637,1192240,2251033,6672856,477676,8968093,2521074,2884707,7745678,36395222,5415877,892312,1097249,1151247,4126289,3400608,359692,1385338,398236,9305616,32927746,4660108,14012190,633847,960214,8569791,10911202,2096390,7559552,1978752,2688011,7810166,,2456978,1234228,629746
2025-12-11,3522120,994657,7937553,422146,22111807,1726984,2316095,389314,1088198,1661409,18882928,72583941,890493,4055037,44146447,1776850,5545794,2069467,462468,10508291,4480946,1320783,1429056,4162413,13474247,6472366,5171492,199328,698013,1765780,10137129,11914326,1793435,893502,2262458,1536376,1190492,2247727,6663071,476973,8954945,2517369,2880470,7734316,36341832,5407935,891001,1095634,1149556,4120228,3395611,359160,1383305,397647,9291955,32879448,4653268,13991632,632916,958808,8557213,10895204,2093312,7548456,1975845,2684059,7798709,,2453368,1232423,628815
2025-12-12,3516928,993140,7925959,421533,22079377,1724450,2312656,388724,1086634,1659021,18855268,72477468,889144,4049143,44081653,1774213,5537685,2066427,461812,10492918,4474359,1318841,1426925,4156351,13454565,6462866,5163892,199023,696999,1763203,10122265,11896825,1790816,892213,2259143,1534157,1188760,2244473,6653256,476276,8941713,2513774,2876187,7722958,36288522,5399957,889752,1094049,1147887,4114229,3390688,358652,1381258,397036,9278356,32831245,4646408,13971110,631887,957354,8544611,10879201,2090210,7537392,1972932,2680091,7787246,,2449778,1230628,627906
2025-12-15,3525904,995681,7946221,422622,22135807,1728872,2318563,389714,1089406,1663245,18903448,72662697,891421,4059505,44194315,1778734,5551842,2071707,463000,10519747,4485810,1322207,1430588,4166977,13488951,6479399,5177092,199518,698781,1767724,10148137,11927218,1795403,894490,2264918,1538084,1191796,2250215,6670251,477497,8964549,2520209,2883546,7742692,36381252,5413751,892029,1096854,1150824,4124756,3399367,359576,1384789,398059,9302083,32915164,4658288,14006816,633504,959796,8566457,10907020,2095556,7556664,1977981,2686955,7807145,,2456048,1233763,629523
2025-12-16,3525088,995450,7944379,422523,22130677,1728470,2318026,389624,1089154,1662861,18899068,72645858,891214,4058563,44184073,1778323,5550555,2071227,462892,10517308,4484769,1321901,1430255,4166011,13485825,6477899,5175892,199473,698619,1767313,10145785,11924455,1794986,894283,2264393,1537727,1191520,2249693,6668706,477386,8962473,2519624,2882877,7740898,36372822,5412497,891822,1096599,1150557,4123799,3398578,359492,1384468,397966,9299926,32907535,4657208,14003570,633357,959574,8564471,10904491,2095070,7554912,1977522,2686331,7805336,,2455478,1233478,629376
2025-12-17,3522912,994834,7939467,422259,22116997,1727398,2316594,389384,1088482,1661837,18887388,72600954,890662,4056051,44156761,1777227,5547123,2069947,462604,10510804,4481993,1321085,1429367,4163435,13477489,6473891,5172692,199353,698187,1766217,10139513,11917087,1793874,893731,2262993,1536775,1190784,2248301,6664586,477090,8956937,2518064,2881093,7736114,36350342,5409153,891270,1095919,1149845,4121247,3396474,359268,1383612,397718,9294174,32887191,4654328,13994914,632965,958982,8559175,10897747,2093774,7550240,1976298,2684667,7800512,,2453958,1232718,628984
2025-12-18,3528624,996451,7952361,422952,22152907,8651060,2320353,390014,1090246,1664525,18918048,72718827,892111,4062645,44228455,1780104,5556132,2073307,463360,10527877,4489280,1323227,1431698,4170197,13499371,6484412,5181092,199668,699321,1769094,10155977,11936428,1796793,895180,2266668,1539274,1192716,2251955,6675401,477867,8971490,2522159,2885776,7748672,36409352,5417931,892719,1097704,1151714,4127946,3401997,359856,1385859,398369,9309273,32940594,4661888,14017636,633994,960536,8573077,10915450,2097176,7562504,1979511,2689035,7813175,,2457948,1234713,630013
2025-12-19,3523184,994911,7940081,422292,22118707,8637700,2316773,389414,1088566,1661965,18888848,72606567,890731,4056365,44160175,1777364,5547552,2070107,462640,10511617,4482340,1321187,1429478,4163757,13478531,6474392,5173092,199368,698241,1766354,10140297,11918008,1794013,893800,2263168,1536894,1190876,2248475,6665101,477127,8957650,2518259,2881316,7736712,36353152,5409571,891339,1096004,1149934,4121566,3396737,359296,1383719,397749,9294893,32889734,4654688,13995996,633014,959056,8559837,10898590,2093936,7550824,1976451,2684875,7801115,,2454148,1232813,629033
2025-12-22,3337424,955075,7590157,403948,22704619,8271124,2222861,374358,1037982,1591529,18212760,74232303,855543,3848129,45139143,1698236,5453316,2000803,440464,10014161,4308900,1248579,1370130,3998053,12980191,6220416,4944252,189008,665153,1737114,9759321,13410072,1730073,858152,2170232,1480974,1147080,2158123,6351585,459903,8538954,2402991,2725948,7452512,35748804,5039683,851815,1047556,1077458,3922346,3208037,343048,1327927,381949,8949349,31418854,4474516,14425964,1110010,1669836,8232913,10519774,2006552,7244328,1896879,2594747,7452295,,2345536,1185425,574633
2025-12-23,3332244,953595,7578357,403328,22669339,8258264,2219401,373778,1036362,1589049,18184460,74116963,854223,3842149,45069003,1695596,5444836,1997703,439784,9998601,4302200,1246639,1368010,3991833,12960031,6210756,4936572,188708,664113,1734414,9744161,13389232,1727393,856812,2166852,1478674,1145300,2154763,6341725,459183,8525694,2399251,2721708,7440932,35693264,5031843,850495,1045936,1075778,3916246,3203057,342508,1325867,381349,8935449,31370034,4467556,14403544,1108290,1667236,8220113,10503434,2003432,7233068,1893939,2590707,7440715,,2341896,1183585,573733
2025-12-24,3335870,954631,7586617,403762,22694035,8267266,2221823,374184,1037496,1590785,18204270,74197701,855147,3846335,45118101,1697444,5450772,1999873,440260,10009493,4306890,1247997,1369494,3996187,12974143,6217518,4941948,188918,664841,1736304,9754773,13403820,1729269,857750,2169218,1480284,1146546,2157115,6348627,459687,8534976,2401869,2724676,7449038,35732142,5037331,851419,1047070,1076954,3920516,3206543,342886,1327309,381769,8945179,31404208,4472428,14419238,1109494,1669056,8229073,10514872,2005616,7240950,1895997,2593535,7448821,,2344444,1184873,574363
2025-12-26,3336906,954927,7588977,403886,22701091,8269838,2222515,374300,1037820,1591281,18209930,74220769,855411,3847531,45132129,1697972,5452468,2000493,440396,10012605,4308230,1248385,1369918,3997431,12978175,6219450,4943484,188978,665049,1736844,9757805,13407988,1729805,858018,2169894,1480744,1146902,2157787,6350599,459831,8537628,2402617,2725524,7451354,35743250,5038899,851683,1047394,1077290,3921736,3207539,342994,1327721,381889,8947959,31413972,4473820,14423722,1109838,1669576,8231633,10518140,2006240,7243202,1896585,2594343,7451137,,2345172,1185241,574543
2025-12-29,3336906,954927,7588977,403886,22701091,8269838,2222515,374300,1037820,1591281,18209930,74220769,855411,3847531,45132129,1697972,5452468,2000493,440396,10012605,4308230,1248385,1369918,3997431,12978175,6219450,4943484,188978,665049,1736844,9757805,13407988,1729805,858018,2169894,1480744,1146902,2157787,6350599,459831,8537628,2402617,2725524,7451354,35743250,5038899,851683,1047394,1077290,3921736,3207539,342994,1327721,381889,8947959,31413972,4473820,14423722,1109838,1669576,8231633,10518140,2006240,7243202,1896585,2594343,7451137,,2345172,1185241,574543
2025-12-30,3332503,953669,7578947,403359,22671103,8258907,2219574,373807,1036443,1589173,18185875,74122730,854289,3842448,45072510,1695728,5445260,1997858,439818,9999379,4302535,1246736,1368116,3992144,12961039,6211239,4936956,188723,664165,1734549,9744919,13390274,1727527,856879,2167021,1478789,1145389,2154931,6342218,459219,8526357,2399438,2721920,7441511,35696041,5032235,850561,1046017,1075862,3916551,3203306,342535,1325970,381379,8936144,31372475,4467904,14404665,1108376,1667366,8220753,10504251,2003588,7233631,1894086,2590909,7441294,,2342078,1183677,573778
2025-12-31,3328618,952559,7570097,402894,22644643,8249262,2216979,373372,1035228,1587313,18164650,74036225,853299,3837963,45019905,1693748,5438900,1995533,439308,9987709,4297510,1245281,1366526,3987479,12945919,6203994,4931196,188498,663385,1732524,9733549,13374644,1725517,855874,2164486,1477064,1144054,2152411,6334823,458679,8516412,2396633,2718740,7432826,35654386,5026355,849571,1044802,1074602,3911976,3199571,342130,1324425,380929,8925719,31335860,4462684,14387850,1107086,1665416,8211153,10491996,2001248,7225186,1891881,2587879,7432609,,2339348,1182297,573103
2026-01-02,3321366,950487,7553577,402026,22595251,8231258,2212135,372560,1032960,1583841,18125030,73874749,851451,3829591,44921709,1690052,5427028,1991193,438356,9965925,4288130,1242565,1363558,3978771,12917695,6190470,4920444,188078,661929,1728744,9712325,13345468,1721765,853998,2159754,1473844,1141562,2147707,6321019,457671,8497848,2391397,2712804,7416614,35576630,5015379,847723,1042534,1072250,3903436,3192599,341374,1321541,380089,8906259,31267512,4452940,14356462,1104678,1661776,8193233,10469120,1996880,7209422,1887765,2582223,7416397,,2334252,1179721,571843
2026-01-06,3326489,951945,7565307,402593,22630119,8243989,2215596,373093,1034637,1586349,18152985,73988658,852773,3835474,44990998,1692656,5435436,1994268,439034,9981351,4294825,1244514,1365660,3984958,12937501,6199981,4928072,188413,663013,1731339,9727211,13366102,1724443,855377,2163107,1476079,1143275,2151083,6330670,458403,8510889,2395076,2717008,7428057,35631409,5023143,849045,1044111,1073978,3909421,3197532,341953,1323572,380719,8919874,31315809,4459756,14378679,1106340,1664286,8205913,10485309,2000032,7220593,1890664,2586257,7427840,,2337846,1181485,572768
2026-01-07,3324417,951353,7560587,402345,22616007,8238845,2214212,372861,1033989,1585357,18141665,73942514,852245,3833082,44962934,1691600,5432044,1993028,438762,9975127,4292145,1243738,1364812,3982470,12929429,6196117,4925000,188293,662597,1730259,9721147,13357766,1723371,854841,2161755,1475159,1142563,2149739,6326718,458115,8505577,2393580,2715312,7423425,35609185,5020007,848517,1043463,1073306,3906981,3195540,341737,1322748,380479,8914314,31296281,4456972,14369711,1105652,1663246,8200793,10478773,1998784,7216089,1889488,2584641,7423208,,2336390,1180749,572408
2026-01-08,3331410,953351,7576517,403182,22663635,8256206,2218883,373644,1036176,1588705,18179870,74098250,854027,3841155,45057650,1695164,5443492,1997213,439680,9996133,4301190,1246357,1367674,3990867,12956672,6209158,4935368,188698,664001,1733904,9741613,13385900,1726989,856650,2166318,1478264,1144966,2154275,6340056,459087,8523505,2398629,2721036,7439058,35684191,5030591,850299,1045650,1075574,3915216,3202263,342466,1325529,381289,8933079,31362188,4466368,14399978,1107974,1666756,8218073,10500832,2002996,7231290,1893457,2590095,7438841,,2341304,1183233,573623
2026-01-09,3330633,953129,7574747,403089,22658343,8254277,2218364,373557,1035933,1588333,18175625,74080946,853829,3840258,45047126,1694768,5442220,1996748,439578,9993799,4300185,1246066,1367356,3989934,12953645,6207709,4934216,188653,663845,1733499,9739339,13382774,1726587,856449,2165811,1477919,1144699,2153771,6338574,458979,8521513,2398068,2720400,7437321,35675857,5029415,850101,1045407,1075322,3914301,3201516,342385,1325220,381199,8930994,31354865,4465324,14396615,1107716,1666366,8216153,10498381,2002528,7229601,1893016,2589489,7437104,,2340758,1182957,573488
2026-01-12,3334000,954091,7582417,403492,22681275,8262636,2220613,373934,1036986,1589945,18194020,74155930,854687,3844145,45092730,1696484,5447732,1998763,440020,10003913,4304540,1247327,1368734,3993977,12966762,6213988,4939208,188848,664521,1735254,9749193,13396320,1728329,857320,2168008,1479414,1145856,2155955,6344996,459447,8530145,2400499,2723156,7444848,35711971,5034511,850959,1046460,1076414,3918266,3204753,342736,1326559,381589,8940029,31386598,4469848,14411188,1108834,1668056,8224473,10509002,2004556,7236920,1894927,2592115,7444631,,2343124,1184153,574073
2026-01-13,3320014,950095,7550557,401818,22586019,8227914,2211271,372368,1032612,1583249,18117610,73844404,851123,3827999,44903298,1689356,5424836,1990393,438184,9961901,4286450,1242089,1363010,3977183,12912276,6187906,4918472,188038,661713,1727964,9708261,13340052,1721093,853702,2158882,1473204,1141050,2146883,6318320,457503,8494289,2390401,2711708,7413582,35561959,5013343,847395,1042086,1071878,3901796,3191307,341278,1320997,379969,8902499,31254730,4451056,14350654,1104190,1661036,8189913,10464830,1996132,7206518,1886989,2581207,7413365,,2333296,1179185,571643
2026-01-14,3332189,953625,7578307,403253,22668999,8258169,2219416,373753,1036457,1589029,18184085,74115909,854193,3842054,45068458,1695576,5444816,1997688,439714,9998411,4302125,1246654,1367980,3991778,12959781,6210641,4936552,188743,664133,1734339,9743871,13389062,1727423,856837,2166847,1478619,1145255,2154763,6341550,459203,8525569,2399216,2721648,7440837,35692669,5031783,850465,1045891,1075758,3916121,3203112,342533,1325832,381359,8935274,31369620,4467416,14403379,1108260,1667186,8220013,10503340,2003452,7232953,1893904,2590697,7440520,,2341886,1183525,573788
2026-01-15,3336333,954809,7587747,403749,22697239,8268457,2222184,374217,1037753,1591013,18206725,74208213,855249,3846838,45124586,1697688,5451600,2000184,440258,10010859,4307485,1248206,1369676,3996754,12975925,6218369,4942696,188983,664965,1736499,9755999,13405734,1729567,857909,2169551,1480459,1146679,2157451,6349454,459779,8536193,2402208,2725040,7450101,35737117,5038055,851521,1047187,1077102,3921001,3207096,342965,1327480,381839,8946410,31408692,4472984,14421315,1109636,1669266,8230253,10516428,2005948,7241961,1896256,2593929,7449784,,2344798,1184997,574508
2026-01-16,3335038,954439,7584797,403594,22688414,8265242,2221319,374072,1037348,1590393,18199650,74179368,854919,3845343,45107046,1697028,5449480,1999404,440088,10006969,4305810,1247721,1369146,3995199,12970880,6215954,4940776,188908,664705,1735824,9752209,13400524,1728897,857574,2168706,1479884,1146234,2156611,6346984,459599,8532873,2401273,2723980,7447206,35723227,5036095,851191,1046782,1076682,3919476,3205851,342830,1326965,381689,8942930,31396482,4471244,14415710,1109206,1668616,8227053,10512338,2005168,7239146,1895521,2592919,7446889,,2343888,1184537,574283
2026-01-20,3335038,954439,7584797,403594,22688414,8265242,2221319,374072,1037348,1590393,18199650,74179368,854919,3845343,45107046,1697028,5449480,1999404,440088,10006969,4305810,1247721,1369146,3995199,12970880,6215954,4940776,188908,664705,1735824,9752209,13400524,1728897,857574,2168706,1479884,1146234,2156611,6346984,459599,8532873,2401273,2723980,7447206,35723227,5036095,851191,1046782,1076682,3919476,3205851,342830,1326965,381689,8942930,31396482,4471244,14415710,1109206,1668616,8227053,10512338,2005168,7239146,1895521,2592919,7446889,,2343888,1184537,574283
2026-01-21,3325973,951849,7564147,402509,22626639,8242737,2215264,373057,1034513,1586053,18150125,73977453,852609,3834878,44984266,1692408,5434640,1993944,438898,9979739,4294085,1244326,1365436,3984314,12935565,6199049,4927336,188383,662885,1731099,9725679,13364054,1724207,855229,2162791,1475859,1143119,2150731,6329694,458339,8509633,2394728,2716560,7426941,35625997,5022375,848881,1043947,1073742,3908801,3197136,341885,1323360,380639,8918570,31311012,4459064,14376475,1106196,1664066,8204653,10483708,1999708,7219441,1890376,2585849,7426624,,2337518,1181317,572708
2026-01-22,3324678,951479,7561197,402354,22617814,8239522,2214399,372912,1034108,1585433,18143050,73948608,852279,3833383,44966726,1691748,5432520,1993164,438728,9975849,4292410,1243841,1364906,3982759,12930520,6196634,4925416,188308,662625,1730424,9721889,13358844,1723537,854894,2161946,1475284,1142674,2149891,6327224,458159,8506313,2393793,2715500,7424046,35612107,5020415,848551,1043542,1073322,3907276,3195891,341750,1322845,380489,8915090,31298802,4457324,14370870,1105766,1663416,8201453,10479618,1998928,7216626,1889641,2584839,7423729,,2336608,1180857,572483
2026-01-23,3316649,949185,7542907,401393,22563099,8219589,2209036,372013,1031597,1581589,18099185,73769769,850233,3824114,44857978,1687656,5419376,1988328,437674,9951731,4282025,1240834,1361620,3973118,12899241,6181661,4913512,187843,661013,1726239,9698391,13326542,1719383,852817,2156707,1471719,1139915,2144683,6311910,457043,8485729,2387996,2708928,7406097,35525989,5008263,846505,1041031,1070718,3897821,3188172,340913,1319652,379559,8893514,31223100,4446536,14336119,1103100,1659386,8181613,10454260,1994092,7199173,1885084,2578577,7405780,,2330966,1178005,571088
2026-01-26,3309915,947261,7527567,400587,22517209,8202871,2204538,371259,1029491,1578365,18062395,73619775,848517,3816340,44766770,1684224,5408352,1984272,436790,9931503,4273315,1238312,1358864,3965032,12873007,6169103,4903528,187453,659661,1722729,9678683,13299450,1715899,851075,2152313,1468729,1137601,2140315,6299066,456107,8468465,2383134,2703416,7391043,35453761,4998071,844789,1038925,1068534,3889891,3181698,340211,1316974,378779,8875418,31159608,4437488,14306973,1100864,1656006,8164973,10432992,1990036,7184535,1881262,2573325,7390726,,2326234,1175613,569918
2026-01-27,3307066,946447,7521077,400246,22497794,8195798,2202635,370940,1028600,1577001,18046830,73556316,847791,3813051,44728182,1682772,5403688,1982556,436416,9922945,4269630,1237245,1357698,3961611,12861908,6163790,4899304,187288,659089,1721244,9670345,13287988,1714425,850338,2150454,1467464,1136622,2138467,6293632,455711,8461161,2381077,2701084,7384674,35423203,4993759,844063,1038034,1067610,3886536,3178959,339914,1315841,378449,8867762,31132746,4433660,14294642,1099918,1654576,8157933,10423994,1988320,7178342,1879645,2571103,7384357,,2324232,1174601,569423
2026-01-28,3322088,950739,7555297,402044,22600164,8233092,2212669,372622,1033298,1584193,18128900,73890918,851619,3830393,44931646,1690428,5428280,1991604,438388,9968069,4289060,1242871,1363846,3979649,12920430,6191804,4921576,188158,662105,1729074,9714309,13348424,1722197,854224,2160256,1474134,1141784,2148211,6322284,457799,8499673,2391923,2713380,7418256,35584327,5016495,847891,1042732,1072482,3904226,3193401,341480,1321815,380189,8908130,31274382,4453844,14359660,1104906,1662116,8195053,10471438,1997368,7210996,1888171,2582819,7417939,,2334788,1179937,572033
2026-01-29,3318980,949851,7548217,401672,22578984,8225376,2210593,372274,1032326,1582705,18111920,73821690,850827,3826805,44889550,1688844,5423192,1989732,437980,9958733,4285040,1241707,1362574,3975917,12908322,6186008,4916968,187978,661481,1727454,9705213,13335920,1720589,853420,2158228,1472754,1140716,2146195,6316356,457367,8491705,2389679,2710836,7411308,35550991,5011791,847099,1041760,1071474,3900566,3190413,341156,1320579,379829,8899778,31245078,4449668,14346208,1103874,1660556,8187373,10461622,1995496,7204240,1886407,2580395,7410991,,2332604,1178833,571493
2026-01-30,3301109,944745,7507507,399533,22457199,8181009,2198656,370273,1026737,1574149,18014285,73423629,846273,3806174,44647498,1679736,5393936,1978968,435634,9905051,4261925,1235014,1355260,3954458,12838701,6152681,4890472,186943,657893,1718139,9652911,13264022,1711343,848797,2146567,1464819,1134575,2134603,6282270,454883,8445889,2376776,2696208,7371357,35359309,4984743,842545,1036171,1065678,3879521,3173232,339293,1313472,377759,8851754,31076580,4425656,14268859,1097940,1651586,8143213,10405180,1984732,7165393,1876264,2566457,7371040,,2320046,1172485,568388
2026-02-02,3301886,944967,7509277,399626,22462494,8182938,2199175,370360,1026980,1574521,18018530,73440936,846471,3807071,44658022,1680132,5395208,1979433,435736,9907385,4262930,1235305,1355578,3955391,12841728,6154130,4891624,186988,658049,1718544,9655185,13267148,1711745,848998,2147074,1465164,1134842,2135107,6283752,454991,8447881,2377337,2696844,7373094,35367643,4985919,842743,1036414,1065930,3880436,3173979,339374,1313781,377849,8853842,31083906,4426700,14272222,1098198,1651976,8145133,10407634,1985200,7167082,1876705,2567063,7372777,,2320592,1172761,568523
2026-02-03,3285828,940379,7472697,397704,22353064,8143072,2188449,368562,1021958,1566833,17930738,73083196,842379,3788533,44440526,1671948,5368920,1969761,433628,9859149,4242160,1229291,1349006,3936109,12779170,6124184,4867816,186058,654825,1710174,9608127,13202544,1703437,844844,2136596,1458034,1129324,2124691,6253124,452759,8406713,2365743,2683700,7337196,35195345,4961615,838651,1031392,1060722,3861526,3158541,337700,1307395,375989,8810690,30932502,4405124,14202720,1092866,1643916,8105453,10356918,1975528,7132176,1867591,2554539,7336879,,2309308,1167057,565733
2026-02-04,3276504,937715,7451457,396588,22289524,8119924,2182221,367518,1019042,1562369,17879762,72875476,840003,3777769,44314238,1667196,5353656,1964145,432404,9831141,4230100,1225799,1345190,3924913,12742846,6106796,4853992,185518,652953,1705314,9580803,13165032,1698613,842432,2130512,1453894,1126120,2118643,6235340,451463,8382809,2359011,2676068,7316352,35095301,4947503,836275,1028476,1057698,3850546,3149577,336728,1303687,374909,8785634,30844590,4392596,14162364,1089770,1639236,8082413,10327470,1969912,7111908,1862299,2547267,7316035,,2302756,1163745,564113
2026-02-05,3279673,938529,7458847,396929,22311739,8127997,2184404,367837,1020033,1564033,17897538,72947746,840729,3781458,44358126,1668848,5358920,1966221,432778,9840899,4234385,1226966,1346456,3928834,12755545,6112809,4858716,185763,653685,1706999,9590352,13178054,1700187,843329,2132691,1455319,1127199,2120811,6241574,451939,8391213,2361368,2678700,7323561,35130170,4952415,837101,1029447,1058822,3854401,3152616,337105,1304940,375359,8794390,30875252,4397024,14176375,1090816,1640866,8090453,10337768,1971828,7119001,1864116,2549789,7323304,,2304958,1164857,564728
2026-02-06,3287961,940897,7477727,397921,22368219,8148573,2189940,368765,1022625,1568001,17942850,73132386,842841,3791026,44470382,1673072,5372488,1971213,433866,9865795,4245105,1230070,1349848,3938786,12787833,6128265,4871004,186243,655349,1711319,9614640,13211398,1704475,845473,2138099,1458999,1130047,2126187,6257382,453091,8412461,2367352,2685484,7342089,35219098,4964959,839213,1032039,1061510,3864161,3160584,337969,1308236,376319,8816662,30953396,4408160,14212247,1093568,1645026,8110933,10363944,1976820,7137017,1868820,2556253,7341832,,2310782,1167801,566168
2026-02-09,3275326,937347,7448877,396386,22281894,8117138,2181495,367360,1018700,1561901,17873650,72850236,839591,3776451,44298782,1666612,5351788,1963553,432216,9827745,4228730,1225345,1344698,3923611,12738508,6104590,4852204,185498,652769,1704744,9577565,13160468,1697925,842198,2129794,1453404,1125622,2117947,6233232,451351,8379961,2358277,2675184,7313774,35083223,4945859,835963,1028094,1057410,3849236,3148359,336654,1303221,374849,8782662,30833946,4391160,14157422,1089318,1638676,8079633,10323994,1969220,7109442,1861645,2546403,7313557,641300,2301832,1163301,563963
2026-02-10,3266261,934757,7428262,395301,22220259,8094668,2175475,366345,1015865,1557596,17824195,72648706,837281,3765986,44176212,1661992,5336983,1958128,431026,9800550,4217040,1221950,1340988,3912761,12703263,6087685,4838764,184973,650949,1700019,9551070,13124068,1693235,839853,2123914,1449379,1122507,2112102,6215977,450091,8356791,2351767,2667799,7293544,34986168,4932174,833653,1025259,1054470,3838596,3139644,335709,1299616,373799,8758372,30748651,4379015,14118257,1086308,1634126,8057268,10295434,1963760,7089772,1856500,2539368,7293327,639515,2295462,1160081,562388
2026-02-11,3253692,931183,7399723,393800,22134968,8063606,2167143,364946,1011934,1551623,17755732,72369697,834115,3751537,44006610,1655580,5316510,1950623,429392,9762923,4200806,1217303,1335782,3897751,12654506,6064352,4820180,184268,648457,1693434,9514363,13073668,1686701,836636,2115786,1443794,1118268,2104025,6192134,448335,8324729,2342681,2657538,7265546,34851794,4913233,830387,1021288,1050386,3823892,3127645,334412,1294603,372349,8724778,30630513,4362218,14064028,1082222,1627896,8026279,10255818,1956204,7062610,1849303,2529617,7265249,636914,2286680,1155689,560213
2026-02-12,3243571,928277,7376732,392571,22066090,8038528,2160355,363795,1008795,1546786,17700485,72144657,831461,3739856,43869753,1650472,6161973,1944558,428046,9732560,4187760,1213460,1331668,3885561,12615173,6045475,4805184,183703,646469,1688169,9484780,13032969,1681455,834043,2109194,1439289,1114777,2097452,6172867,446971,8298832,2335447,2649210,7242924,34743388,4897904,827833,1018109,1047190,3812016,3117914,333419,1290566,371219,8697592,30535291,4348625,14020287,1078788,1622826,8001338,10223914,1950140,7040632,1843610,2521798,7242667,633845,2279522,1152041,558478
2026-02-13,3254708,931459,7402016,393904,22141727,8066091,2167751,365042,1012235,1552075,17761158,72391950,834299,3752670,44020124,1656148,6183086,1951223,429508,9765928,4202122,1217631,1336226,3898891,12658431,6066201,4821653,184348,648705,1693974,9517288,13077646,1687217,836881,2116418,1444234,1118604,2104633,6194023,448519,8327298,2343445,2658283,7267735,34862455,4914674,830671,1021592,1050759,3825088,3128621,334580,1294995,372509,8727391,30639953,4363546,14068361,1082486,1628373,8028772,10258959,1956805,7064755,1849931,2530441,7267478,636038,2287348,1155997,560413
2026-02-17,3265586,934567,7426712,395206,22215605,8093013,2174975,366260,1015595,1557241,17820420,72633492,837071,3765186,44166998,1661692,6203708,1957733,430936,9798520,4216150,1221705,1340678,3911911,12700683,6086445,4837739,184978,650889,1699644,9549040,13121284,1692845,839653,2123474,1449064,1122342,2111647,6214687,450031,8355102,2351257,2667145,7291969,34978753,4931054,833443,1024994,1054245,3837856,3139079,335714,1299321,373769,8756497,30742181,4378120,14115317,1086098,1633791,8055568,10293189,1963315,7088317,1856105,2538883,7291712,638180,2294992,1159861,562303
2026-02-18,3257816,932347,7409072,394276,22162835,8073783,2169815,365390,1013195,1553551,17778090,72460962,835091,3756246,44062088,1657732,6188978,1953083,429916,9775240,4206130,1218795,1337498,3902611,12670503,6071985,4826249,184528,649329,1695594,9526360,13090114,1688825,837673,2118434,1445614,1119672,2106637,6199927,448951,8335242,2345677,2660815,7274659,34895683,4919354,831463,1022564,1051755,3828736,3131609,334904,1296231,372869,8735707,30669161,4367710,14081777,1083518,1629921,8036428,10268739,1958665,7071487,1851695,2532853,7274402,636650,2289532,1157101,560953
2026-02-19,3258593,932569,7410836,394369,22168112,8075706,2170331,365477,1013435,1553920,17782323,72478215,835289,3757140,44072579,1658128,6190451,1953548,430018,9777568,4207132,1219086,1337816,3903541,12673521,6073431,4827398,184573,649485,1695999,9528628,13093231,1689227,837871,2118938,1445959,1119939,2107138,6201403,449059,8337228,2346235,2661448,7276390,34903993,4920524,831661,1022807,1052004,3829648,3132356,334985,1296540,372959,8737786,30676463,4368751,14085131,1095549,1630308,8038342,10271184,1959130,7073170,1852136,2533456,7276133,636803,2290078,1157377,561088
2026-02-20,3258852,932643,7411424,394400,22169871,8076347,2170503,365506,1013515,1554043,17783734,72483966,835355,3757438,44076076,1658260,6190942,1953703,430052,9778344,4207466,1219183,1337922,3903851,12674527,6073913,4827781,184588,649537,1696134,9529384,13094270,1689361,837937,2119106,1446074,1120028,2107305,6201895,449095,8337890,2346421,2661659,7276967,34906763,4920914,831727,1022888,1052087,3829952,3132605,335012,1296643,372989,8738479,30678897,4369098,14086249,1148635,1630437,8038980,10271999,1959285,7073731,1852283,2533657,7276710,636854,2290260,1157469,561133
2026-02-23,3260147,933013,7414364,394555,22178666,8079552,2171363,365651,1013915,1554658,17790789,72512716,835685,3758928,44093556,1658920,6193397,1954478,430222,9782224,4209136,1219668,1338452,3905401,12679552,6076323,4829696,184663,649797,1696809,9533164,13099465,1690031,838267,2119946,1446649,1120473,2108140,6204355,449275,8341195,2347351,2662714,7279852,34920608,4922864,832057,1023293,1052502,3831472,3133845,335147,1297158,373139,8741944,30691067,4370833,14091834,1149090,1631082,8042170,10276074,1960060,7076536,1853018,2534662,7279595,637109,2291170,1157929,561358
2026-02-24,3287601,940857,7476692,397841,22365120,8147498,2189595,368725,1022395,1567696,17940355,73122216,842681,3790516,44464132,1672912,6245443,1970908,433826,9864480,4244540,1229950,1349688,3938261,12786082,6127415,4870294,186253,655309,1711119,9613300,13209599,1704235,845263,2137754,1458839,1129907,2125842,6256507,453091,8411261,2367067,2685080,7341014,35214122,4964204,839053,1031879,1061300,3863696,3160133,338009,1308076,376319,8815402,30949071,4407615,14210236,1158736,1644756,8109798,10362464,1976490,7136002,1868600,2555968,7340757,642515,2310462,1167681,566128
2026-02-25,3261960,933531,7418480,394772,22190979,8084039,2172567,365854,1014475,1555519,17800666,72552966,836147,3761014,44117929,1659844,6196834,1955563,430460,9787656,4211474,1220347,1339194,3907571,12686587,6079697,4832377,184768,650161,1697754,9538456,13106738,1690969,838729,2121122,1447454,1121096,2109309,6207799,449527,8345822,2348653,2664191,7283891,34939991,4925594,832519,1023860,1053083,3833600,3135482,335336,1297879,373349,8746795,30708105,4373262,14099653,1149727,1631985,8046636,10281779,1961145,7080463,1854047,2536069,7283634,637466,2292444,1158573,561673
2026-02-26,3265845,934641,7427300,395237,22217364,8093654,2175147,366289,1015675,1557364,17821831,72639216,837137,3765484,44170384,1661824,6204199,1957888,430970,9799296,4216484,1221802,1340784,3912221,12701662,6086927,4838122,184993,650941,1699779,9549796,13122323,1692979,839719,2123642,1449179,1122431,2111814,6215179,450067,8355737,2351443,2667356,7292546,34981526,4931444,833509,1025075,1054328,3838160,3139217,335741,1299424,373799,8757190,30744615,4378467,14116408,1151092,1633920,8056206,10294004,1963470,7088878,1856252,2539084,7292289,638231,2295174,1159953,562348
2026-02-27,3264809,934345,7424948,395113,22210328,8091090,2174459,366173,1015355,1556872,17816187,72616216,836873,3764292,44156396,1661296,6202235,1957268,430834,9796192,4215148,1221414,1340360,3910981,12697642,6084999,4836590,184933,650733,1699239,9546772,13118167,1692443,839455,2122970,1448719,1122075,2111146,6213211,449923,8353093,2350699,2666512,7290238,34970450,4929884,833245,1024751,1053996,3836944,3138221,335633,1299012,373679,8754418,30734879,4377079,14111940,1150728,1633404,8053654,10290744,1962850,7086634,1855664,2538280,7289981,638027,2294446,1159585,562168
2026-03-02,3248233,929609,7387316,393129,22097752,8050066,2163451,364317,1010235,1549000,17725883,72248216,832649,3745220,43932588,1652848,6170811,1947348,428658,9746528,4193772,1215206,1333576,3891141,12633322,6054151,4812078,183973,647405,1690599,9498388,13051671,1683867,835231,2112218,1441359,1116379,2100458,6181723,447619,8310789,2338795,2653008,7253310,34793234,4904924,829021,1019567,1048684,3817488,3122285,333905,1292420,371759,8710066,30579103,4354871,14040452,1144904,1625148,8012822,10238584,1952930,7050730,1846256,2525416,7253053,634763,2282798,1153697,559288
2026-03-03,3259888,932939,7413776,394524,22176907,8078911,2171191,365622,1013835,1554535,17789378,72506966,835619,3758630,44089953,1658788,6192906,1954323,430188,9781448,4208802,1219571,1338346,3905091,12678547,6075841,4829313,184648,649745,1696674,9532408,13098426,1689897,838201,2119778,1446534,1120384,2107973,6203863,449239,8340534,2347165,2662503,7279275,34917839,4922474,831991,1023212,1052419,3831168,3133490,335120,1297055,373109,8741251,30688633,4370486,14090717,1148999,1630953,8041532,10275259,1959905,7075975,1852871,2534461,7279018,637058,2290988,1157837,561313
2026-03-04,3254449,931385,7401428,393873,22139968,8065450,2167579,365013,1012155,1551952,17759747,72386216,834233,3752372,44016516,1656016,6182595,1951068,429474,9765152,4201788,1217534,1336120,3898581,12657442,6065719,4821270,184333,648653,1693839,9516532,13076607,1687083,836815,2116250,1444119,1118515,2104466,6193531,448483,8326653,2343259,2658072,7267158,34859690,4914284,830605,1021511,1050676,3824784,3128261,334553,1294892,372479,8726698,30637519,4363199,14067260,1147088,1628244,8028134,10258144,1956650,7064194,1849784,2530240,7266901,635987,2287166,1155905,560368
2026-03-05,3264291,934197,7423772,395051,22206810,8089808,2174115,366115,1015195,1556626,17813365,72604716,836741,3763696,44149402,1661032,6201253,1956958,430766,9794640,4214480,1221220,1340148,3910361,12695670,6084035,4835824,184903,650629,1698969,9545260,13116089,1692175,839323,2122634,1448489,1121897,2110812,6212227,449851,8351771,2350327,2666090,7289084,34964912,4929104,833113,1024589,1053830,3836336,3137723,335579,1298806,373619,8753032,30730011,4376385,14109744,1150546,1633146,8052378,10289114,1962540,7085512,1855370,2537878,7288827,637925,2294082,1159401,562078
2026-03-06,3269989,935825,7436708,395733,22245508,8103910,2177899,366753,1016955,1559332,17844407,72731238,838193,3770252,44226336,1663936,6212055,1960368,431514,9811712,4221828,1223354,1342480,3917181,12717802,6094639,4844250,185233,651773,1701939,9561892,13138947,1695123,840775,2126330,1451019,1123855,2114486,6223051,450643,8366330,2354419,2670732,7301778,35025847,4937684,834565,1026371,1055656,3843024,3143201,336173,1301072,374279,8768278,30783559,4384019,14134340,1152548,1635984,8066414,10307044,1965950,7097854,1858604,2542300,7301521,639047,2298086,1161425,563068
2026-03-09,3245643,928869,7381436,392819,22080162,8043656,2161731,364027,1009435,1547770,17711773,72190644,831989,3742240,43897618,1651528,6165901,1945798,428318,9738768,4190432,1214236,1332516,3888041,12623238,6049331,4808248,183823,646885,1689249,9490828,13041281,1682527,834571,2110538,1440209,1115489,2098788,6176803,447259,8304102,2336935,2650898,7247540,34765467,4901024,828361,1018757,1047854,3814448,3119795,333635,1291390,371459,8703136,30554763,4351401,14029248,1143994,1623858,8006442,10230434,1951380,7045120,1844786,2523406,7247283,634253,2280978,1152777,558838
2026-03-10,3278795,938341,7456700,396787,22305314,8125704,2183747,367739,1019675,1563514,17892381,72926772,840437,3780384,44345234,1668424,6228749,1965638,432670,9838096,4233184,1226652,1346084,3927721,12752006,6111027,4857272,185743,653541,1706529,9587596,13174273,1699679,843019,2132042,1454929,1126881,2120164,6239779,451867,8388838,2360743,2677906,7321396,35120027,4950944,836809,1029125,1058478,3853360,3151667,337091,1304574,375299,8791840,30866315,4395817,14172352,1155642,1640370,8088106,10334754,1971220,7116928,1863602,2549134,7321139,640781,2304274,1164553,564598
2026-03-11,3271802,936343,7440824,395950,22257821,8108397,2179103,366956,1017515,1560193,17854284,72771495,838655,3772338,44250815,1664860,6215492,1961453,431752,9817144,4224166,1224033,1343222,3919351,12724844,6098013,4846931,185338,652137,1702884,9567184,13146220,1696061,841237,2127506,1451824,1124478,2115655,6226495,450895,8370964,2355721,2672209,7305817,35045237,4940414,835027,1026938,1056237,3845152,3144944,336362,1301793,374489,8773129,30800597,4386448,14142166,1153185,1636887,8070880,10312749,1967035,7101781,1859633,2543707,7305560,639404,2299360,1162069,563383
2026-03-12,3302105,945001,7509620,399577,22463624,8183394,2199227,370349,1026875,1574584,18019371,73444362,846377,3807204,44659964,1680304,6272939,1979588,435730,9907936,4263244,1235382,1355624,3955621,12842546,6154407,4891742,187093,658221,1718679,9655636,13267783,1711739,848959,2147162,1465279,1134891,2135194,6284059,455107,8448418,2377483,2696896,7373326,35369327,4986044,842749,1036415,1065948,3880720,3174077,339521,1313844,377999,8854210,31085375,4427047,14272972,1163832,1651980,8145526,10408104,1985170,7167418,1876832,2567224,7373069,645371,2320654,1172833,568648
2026-03-13,3281644,939155,7463168,397128,22324663,8132755,2185639,368058,1020555,1564867,17907902,72990033,841163,3783662,44383701,1669876,6234150,1967343,433044,9846632,4236858,1227719,1347250,3931131,12763072,6116329,4861485,185908,654113,1708014,9595912,13185702,1701153,843745,2133890,1456194,1127860,2122001,6245191,452263,8396120,2362789,2680227,7327743,35150497,4955234,837535,1030016,1059391,3856704,3154406,337388,1305707,375629,8799463,30893089,4399634,14184650,1156643,1641789,8095124,10343719,1972925,7123099,1865219,2551345,7327486,641342,2306276,1165565,565093
2026-03-16,3287342,940783,7476104,397810,22363361,8146857,2189423,368696,1022315,1567573,17938944,73116555,842615,3790218,44460635,1672780,6244952,1970753,433792,9863704,4244206,1229853,1349582,3937951,12785204,6126933,4869911,186238,655257,1710984,9612544,13208560,1704101,845197,2137586,1458724,1129818,2125675,6256015,453055,8410684,2366881,2684869,7340437,35211437,4963814,838987,1031798,1061217,3863392,3159884,337982,1307973,376289,8814709,30946637,4407268,14209246,1158645,1644627,8109160,10361649,1976335,7135441,1868453,2555767,7340180,642464,2310280,1167589,566083
2026-03-17,3289414,941375,7480808,398058,22377433,8151985,2190799,368928,1022955,1568557,17950232,73162563,843143,3792602,44488611,1673836,6248880,1971993,434064,9869912,4246878,1230629,1350430,3940431,12793252,6130789,4872975,186358,655673,1712064,9618592,13216872,1705173,845725,2138930,1459644,1130530,2127011,6259951,453343,8415980,2368369,2686557,7345053,35233597,4966934,839515,1032446,1061881,3865824,3161876,338198,1308797,376529,8820253,30966109,4410044,14218190,1159373,1645659,8114264,10368169,1977575,7139929,1869629,2557375,7344796,642872,2311736,1168325,566443
2026-03-18,3273097,936713,7443764,396105,22266616,8111602,2179963,367101,1017915,1560808,17861339,72800250,838985,3773828,44268300,1665520,6217947,1962228,431922,9821024,4225836,1224518,1343752,3920901,12729874,6100423,4848846,185413,652397,1703559,9570964,13151415,1696731,841567,2128346,1452399,1124923,2116490,6228955,451075,8374274,2356651,2673264,7308702,35059087,4942364,835357,1027343,1056652,3846672,3146189,336497,1302308,374639,8776594,30812767,4388183,14147756,1153640,1637532,8074070,10316824,1967810,7104586,1860368,2544712,7308445,639659,2300270,1162529,563608
2026-03-19,3269730,935751,7436120,395702,22243749,8103269,2177727,366724,1016875,1559209,17842996,72725487,838127,3769954,44222839,1663804,6211564,1960213,431480,9810936,4221494,1223257,1342374,3916871,12716796,6094157,4843867,185218,651721,1701804,9561136,13137908,1694989,840709,2126162,1450904,1123766,2114319,6222559,450607,8365668,2354233,2670521,7301201,35023077,4937294,834499,1026290,1055573,3842720,3142952,336146,1300969,374249,8767585,30781125,4383672,14133222,1152457,1635855,8065776,10306229,1965795,7097293,1858457,2542099,7300944,638996,2297904,1161333,563023
